-121.43,38.52,30.0,3657.0,945.0,2925.0,899.0,1.3927,78300.0,INLAND
-120.82,37.05,15.0,1385.0,288.0,775.0,255.0,1.933,140600.0,INLAND
-118.83,34.14,16.0,1316.0,194.0,450.0,173.0,10.1597,500001.0,NEAR OCEAN
-118.35,33.85,34.0,1770.0,291.0,916.0,289.0,5.0,354200.0,<1H OCEAN
-117.94,34.04,33.0,1493.0,331.0,1571.0,354.0,3.8864,158900.0,<1H OCEAN
-118.37,34.06,52.0,1608.0,289.0,630.0,252.0,5.5596,500001.0,<1H OCEAN
-117.95,33.82,35.0,1068.0,190.0,514.0,174.0,4.0735,208700.0,<1H OCEAN
-117.24,32.75,33.0,1980.0,614.0,1057.0,567.0,2.2042,231300.0,NEAR OCEAN
-119.77,36.3,24.0,2202.0,471.0,1052.0,439.0,2.1038,62000.0,INLAND
-122.26,38.12,28.0,3102.0,734.0,1623.0,639.0,3.1025,103700.0,NEAR BAY
-119.73,36.73,7.0,2461.0,647.0,1587.0,551.0,1.4007,225000.0,INLAND
-117.31,34.02,18.0,1634.0,274.0,899.0,285.0,5.2139,129300.0,INLAND
-117.38,33.19,35.0,928.0,264.0,538.0,248.0,2.4583,197900.0,NEAR OCEAN
-124.17,40.77,30.0,1895.0,366.0,990.0,359.0,2.2227,81300.0,NEAR OCEAN
-118.23,34.09,49.0,1638.0,456.0,1500.0,430.0,2.6923,150000.0,<1H OCEAN
-118.2,34.11,52.0,678.0,173.0,791.0,186.0,4.0625,171300.0,<1H OCEAN
-122.08,37.84,17.0,1320.0,159.0,1722.0,141.0,11.7064,500001.0,NEAR BAY
-118.09,34.0,35.0,1580.0,331.0,1290.0,338.0,4.1458,162500.0,<1H OCEAN
-119.28,37.11,34.0,1901.0,394.0,171.0,73.0,3.0729,144600.0,INLAND
-121.62,39.15,23.0,1984.0,528.0,1043.0,452.0,1.9375,65300.0,INLAND
-123.59,38.8,17.0,5202.0,1037.0,1742.0,803.0,3.1201,176100.0,NEAR OCEAN
-117.06,32.68,38.0,1481.0,317.0,1080.0,291.0,2.85,125800.0,NEAR OCEAN
-118.13,33.79,29.0,2937.0,524.0,1132.0,528.0,4.6133,500001.0,NEAR OCEAN
-119.96,35.99,25.0,1047.0,270.0,1505.0,286.0,2.0976,47700.0,INLAND
-121.44,38.63,38.0,1673.0,399.0,1116.0,382.0,1.3302,62200.0,INLAND
-122.03,37.61,37.0,1383.0,259.0,808.0,241.0,4.0125,161400.0,NEAR BAY
-117.96,33.87,35.0,1972.0,367.0,1152.0,356.0,3.7222,187500.0,<1H OCEAN
-123.24,39.81,25.0,1435.0,304.0,746.0,259.0,1.7788,57900.0,INLAND
-121.88,38.0,16.0,2605.0,440.0,1352.0,408.0,4.1947,140300.0,INLAND
-121.3,38.01,29.0,2289.0,449.0,1215.0,435.0,3.2788,100000.0,INLAND
-121.18,37.79,16.0,1326.0,286.0,509.0,297.0,1.9464,112500.0,INLAND
-117.96,34.08,28.0,2831.0,552.0,2330.0,557.0,3.9741,173100.0,<1H OCEAN
-118.52,34.21,36.0,2394.0,424.0,1490.0,427.0,4.3261,206700.0,<1H OCEAN
-117.31,34.41,14.0,3019.0,643.0,1639.0,582.0,1.5288,103400.0,INLAND
-121.9,38.0,14.0,2677.0,368.0,1288.0,375.0,6.0497,177500.0,INLAND
-117.87,33.76,6.0,2992.0,1194.0,3800.0,1130.0,2.246,183300.0,<1H OCEAN
-118.3,33.88,30.0,1348.0,333.0,885.0,322.0,3.2574,195300.0,<1H OCEAN
-118.33,34.02,46.0,1528.0,391.0,933.0,366.0,2.1979,125700.0,<1H OCEAN
-117.65,33.65,15.0,3485.0,519.0,1740.0,485.0,6.7543,251900.0,<1H OCEAN
-121.88,37.33,36.0,1904.0,689.0,3561.0,632.0,2.0972,187500.0,<1H OCEAN
-117.25,34.11,30.0,2173.0,560.0,1509.0,486.0,1.4079,67700.0,INLAND
-117.28,33.28,13.0,6131.0,1040.0,4049.0,940.0,3.8156,150700.0,<1H OCEAN
-118.89,34.29,28.0,1545.0,371.0,1334.0,318.0,3.4375,194100.0,<1H OCEAN
-120.98,37.66,33.0,1959.0,342.0,984.0,356.0,4.5208,114200.0,INLAND
-118.35,34.01,33.0,3246.0,601.0,1585.0,603.0,3.6629,353200.0,<1H OCEAN
-122.12,37.69,35.0,2681.0,508.0,1580.0,536.0,4.1042,179100.0,NEAR BAY
-118.0,33.89,34.0,1932.0,315.0,1053.0,316.0,5.1377,213300.0,<1H OCEAN
-122.47,37.79,52.0,2383.0,477.0,990.0,464.0,3.9688,483300.0,NEAR BAY
-121.36,38.04,4.0,2477.0,359.0,1234.0,377.0,5.5427,162100.0,INLAND
-115.58,32.78,5.0,2494.0,414.0,1416.0,421.0,5.7843,110100.0,INLAND
-121.92,37.33,52.0,2009.0,338.0,841.0,338.0,5.5259,295800.0,<1H OCEAN
-122.48,37.79,52.0,4683.0,1055.0,2246.0,975.0,4.1148,457800.0,NEAR BAY
-118.27,34.11,39.0,3825.0,916.0,1378.0,746.0,4.4094,352600.0,<1H OCEAN
-122.6,38.93,16.0,1657.0,390.0,572.0,301.0,1.4767,62000.0,INLAND
-117.45,33.93,20.0,5998.0,1320.0,3185.0,1199.0,3.2731,113900.0,INLAND
-118.38,34.06,25.0,2558.0,661.0,1183.0,636.0,3.5556,500000.0,<1H OCEAN
-117.93,34.07,34.0,1409.0,305.0,819.0,273.0,3.3977,188800.0,<1H OCEAN
-118.43,34.14,44.0,1693.0,239.0,498.0,216.0,10.9237,500001.0,<1H OCEAN
-121.87,37.4,16.0,1767.0,268.0,1061.0,280.0,6.9584,351600.0,<1H OCEAN
-122.12,37.69,30.0,1197.0,269.0,695.0,279.0,3.4375,157800.0,NEAR BAY
-117.72,33.51,17.0,3617.0,597.0,1176.0,571.0,5.133,324000.0,<1H OCEAN
-122.32,40.58,2.0,1937.0,350.0,756.0,274.0,3.0,114200.0,INLAND
-117.28,34.16,35.0,2028.0,456.0,972.0,398.0,2.3778,90700.0,INLAND
-122.13,38.02,52.0,2378.0,508.0,940.0,451.0,2.9583,166000.0,NEAR BAY
-121.29,38.61,26.0,1814.0,299.0,963.0,317.0,4.4519,110500.0,INLAND
-117.33,33.22,21.0,2868.0,602.0,855.0,559.0,2.7846,91200.0,NEAR OCEAN
-118.29,34.09,43.0,1583.0,658.0,1941.0,614.0,1.9835,225000.0,<1H OCEAN
-118.04,34.17,52.0,1885.0,401.0,764.0,373.0,4.0385,265700.0,INLAND
-122.34,37.95,44.0,1675.0,317.0,806.0,311.0,3.0694,135300.0,NEAR BAY
-118.06,34.13,40.0,4307.0,918.0,1769.0,845.0,3.6341,391500.0,INLAND
-119.27,34.17,15.0,11403.0,2131.0,3327.0,1585.0,4.3693,423300.0,NEAR OCEAN
-117.08,32.65,28.0,2296.0,603.0,1277.0,550.0,2.3562,123800.0,NEAR OCEAN
-122.26,38.11,52.0,793.0,216.0,505.0,194.0,1.9667,93800.0,NEAR BAY
-122.15,37.47,39.0,1295.0,239.0,566.0,242.0,5.6407,326400.0,NEAR BAY
-117.95,33.84,18.0,3418.0,815.0,1961.0,773.0,3.65,171400.0,<1H OCEAN
-118.33,34.11,37.0,2330.0,434.0,846.0,457.0,8.2335,430200.0,<1H OCEAN
-118.42,34.04,46.0,1508.0,276.0,639.0,273.0,4.925,409800.0,<1H OCEAN
-118.03,34.1,38.0,2301.0,416.0,1079.0,398.0,4.4236,233600.0,INLAND
-119.59,37.39,19.0,3273.0,611.0,1164.0,481.0,3.5446,106500.0,INLAND
-117.59,33.43,14.0,3223.0,484.0,1230.0,488.0,6.5964,358800.0,NEAR OCEAN
-121.03,37.64,22.0,2001.0,387.0,1520.0,387.0,3.148,102300.0,INLAND
-121.15,39.23,13.0,3883.0,763.0,1816.0,682.0,2.8102,144400.0,INLAND
-117.65,34.07,52.0,1041.0,252.0,558.0,231.0,1.9236,117200.0,INLAND
-122.02,37.94,19.0,3192.0,612.0,1317.0,594.0,4.125,267100.0,NEAR BAY
-118.24,33.91,37.0,1607.0,377.0,1526.0,375.0,1.7158,94300.0,<1H OCEAN
-118.11,34.1,49.0,2812.0,478.0,1329.0,490.0,5.2503,292900.0,<1H OCEAN
-118.29,33.89,35.0,2810.0,614.0,1578.0,601.0,3.59,200600.0,<1H OCEAN
-122.26,37.88,52.0,2363.0,604.0,1558.0,573.0,2.944,338900.0,NEAR BAY
-121.28,38.74,33.0,4384.0,778.0,1775.0,789.0,4.05,134700.0,INLAND
-119.09,35.35,14.0,2113.0,256.0,842.0,265.0,8.5325,224100.0,INLAND
-121.36,38.6,36.0,1275.0,227.0,530.0,245.0,3.875,133600.0,INLAND
-117.08,32.78,21.0,2919.0,496.0,984.0,443.0,4.625,222800.0,NEAR OCEAN
-121.24,39.37,16.0,2785.0,616.0,1387.0,530.0,2.3886,89400.0,INLAND
-117.97,33.84,25.0,2471.0,518.0,1539.0,500.0,4.2679,191700.0,<1H OCEAN
-122.14,37.36,23.0,11294.0,1377.0,3840.0,1367.0,12.1387,500001.0,NEAR BAY
-121.89,37.68,12.0,7490.0,1207.0,3329.0,1136.0,6.3373,339700.0,<1H OCEAN
-122.1,37.65,25.0,2538.0,494.0,1185.0,501.0,4.5417,194400.0,NEAR BAY
-121.91,36.62,40.0,1292.0,271.0,504.0,230.0,2.475,258300.0,<1H OCEAN
-121.28,38.55,35.0,7088.0,1279.0,4885.0,1272.0,2.6981,112500.0,INLAND
-118.02,33.84,35.0,3473.0,563.0,2091.0,580.0,4.4821,214100.0,<1H OCEAN
-121.89,37.32,43.0,1105.0,241.0,982.0,206.0,2.1149,184900.0,<1H OCEAN
-119.73,36.8,24.0,1316.0,249.0,781.0,260.0,3.7578,69200.0,INLAND
-122.05,37.87,30.0,2296.0,329.0,847.0,322.0,6.7192,397500.0,NEAR BAY
-117.05,32.78,37.0,1184.0,178.0,529.0,192.0,4.7941,161700.0,<1H OCEAN
-118.05,34.11,42.0,3677.0,627.0,1779.0,622.0,5.1509,426500.0,INLAND
-118.14,34.03,44.0,2003.0,390.0,1291.0,392.0,4.0625,201100.0,<1H OCEAN
-122.19,37.76,26.0,1293.0,297.0,984.0,303.0,1.9479,85800.0,NEAR BAY
-118.39,34.04,49.0,1230.0,279.0,669.0,269.0,3.9038,308300.0,<1H OCEAN
-122.22,37.81,52.0,2927.0,402.0,1021.0,380.0,8.1564,390100.0,NEAR BAY
-117.03,32.63,14.0,2796.0,476.0,1466.0,464.0,5.2489,213700.0,NEAR OCEAN
-119.31,36.33,46.0,1636.0,338.0,772.0,332.0,2.425,84900.0,INLAND
-118.09,33.9,37.0,1147.0,258.0,742.0,242.0,4.0461,153500.0,<1H OCEAN
-118.0,34.08,29.0,2003.0,401.0,1520.0,364.0,3.994,195300.0,INLAND
-118.36,33.86,37.0,1249.0,218.0,583.0,214.0,5.7422,330700.0,<1H OCEAN
-117.77,33.7,4.0,2446.0,622.0,1315.0,560.0,3.7147,137500.0,<1H OCEAN
-121.88,37.44,26.0,1471.0,348.0,1089.0,320.0,5.3057,226400.0,<1H OCEAN
-122.42,37.76,46.0,2150.0,817.0,2075.0,807.0,1.3824,212500.0,NEAR BAY
-119.84,36.77,6.0,1853.0,473.0,1397.0,417.0,1.4817,72000.0,INLAND
-122.08,37.4,52.0,766.0,203.0,448.0,196.0,2.5208,316700.0,NEAR BAY
-115.37,32.82,30.0,1602.0,322.0,1130.0,335.0,3.5735,71100.0,INLAND
-118.21,33.96,48.0,284.0,104.0,422.0,119.0,1.2826,145500.0,<1H OCEAN
-117.84,33.66,5.0,1688.0,430.0,857.0,402.0,3.7857,231600.0,<1H OCEAN
-122.8,39.08,17.0,1880.0,467.0,798.0,342.0,1.4676,65000.0,INLAND
-118.53,34.25,20.0,6331.0,1537.0,2957.0,1509.0,3.3892,323100.0,<1H OCEAN
-120.06,36.72,32.0,981.0,237.0,736.0,249.0,1.8,60400.0,INLAND
-118.25,34.01,28.0,481.0,136.0,596.0,128.0,1.2396,90300.0,<1H OCEAN
-119.57,36.09,6.0,2015.0,413.0,992.0,319.0,2.3889,53200.0,INLAND
-121.86,37.7,13.0,9621.0,1344.0,4389.0,1391.0,6.6827,313700.0,INLAND
-121.53,38.57,34.0,3395.0,592.0,1518.0,627.0,4.0833,118500.0,INLAND
-122.54,38.36,40.0,2725.0,531.0,1167.0,458.0,3.7969,202800.0,<1H OCEAN
-117.03,32.61,23.0,1553.0,216.0,778.0,229.0,5.1538,171300.0,NEAR OCEAN
-121.96,37.23,36.0,4423.0,632.0,1719.0,608.0,7.8407,476400.0,<1H OCEAN
-122.32,40.42,17.0,3019.0,578.0,1538.0,545.0,2.793,76500.0,INLAND
-118.38,34.04,36.0,3005.0,771.0,2054.0,758.0,2.0437,309100.0,<1H OCEAN
-118.18,33.95,39.0,2121.0,579.0,1991.0,528.0,2.9094,152200.0,<1H OCEAN
-122.29,37.56,36.0,805.0,140.0,445.0,139.0,5.8221,289400.0,NEAR BAY
-121.51,38.5,25.0,4719.0,745.0,1857.0,739.0,5.0371,180200.0,INLAND
-120.79,38.24,19.0,1003.0,235.0,538.0,190.0,2.9821,90400.0,INLAND
-117.99,33.69,16.0,1476.0,294.0,886.0,270.0,5.3259,216400.0,<1H OCEAN
-119.27,34.27,52.0,459.0,112.0,276.0,107.0,2.375,198400.0,NEAR OCEAN
-118.32,33.34,52.0,996.0,264.0,341.0,160.0,2.7361,450000.0,ISLAND
-122.74,38.44,23.0,2819.0,612.0,1644.0,546.0,2.6576,147900.0,<1H OCEAN
-118.54,34.38,18.0,2096.0,309.0,1044.0,328.0,6.8299,262100.0,<1H OCEAN
-117.29,33.04,30.0,2750.0,555.0,1281.0,520.0,4.7333,286900.0,NEAR OCEAN
-117.4,33.9,32.0,1263.0,178.0,508.0,180.0,3.6667,314100.0,INLAND
-122.47,37.72,47.0,1176.0,286.0,564.0,258.0,3.2059,350000.0,NEAR OCEAN
-121.23,37.96,37.0,2351.0,564.0,1591.0,549.0,1.6563,57200.0,INLAND
-122.23,37.78,52.0,986.0,258.0,1008.0,255.0,1.4844,119400.0,NEAR BAY
-118.14,34.06,39.0,2390.0,444.0,1246.0,422.0,3.7857,245700.0,<1H OCEAN
-120.47,34.7,24.0,2387.0,385.0,1051.0,382.0,4.4595,152700.0,NEAR OCEAN
-117.27,33.22,16.0,1420.0,311.0,470.0,313.0,1.8849,90800.0,<1H OCEAN
-120.93,39.9,20.0,1511.0,328.0,791.0,320.0,2.0221,70900.0,INLAND
-122.25,37.83,35.0,1613.0,428.0,675.0,422.0,3.4722,243100.0,NEAR BAY
-118.2,33.87,42.0,1482.0,310.0,1052.0,317.0,3.9469,158200.0,<1H OCEAN
-117.67,34.1,28.0,1263.0,248.0,601.0,219.0,3.875,174000.0,INLAND
-118.1,34.12,50.0,1835.0,231.0,636.0,211.0,11.6471,500001.0,<1H OCEAN
-121.83,37.99,23.0,1970.0,296.0,935.0,279.0,4.4853,145900.0,INLAND
-122.27,37.83,49.0,1655.0,366.0,754.0,329.0,1.375,104900.0,NEAR BAY
-122.47,37.78,52.0,3021.0,569.0,1479.0,514.0,4.0208,414600.0,NEAR BAY
-117.84,33.76,14.0,1458.0,423.0,615.0,365.0,4.2798,218800.0,<1H OCEAN
-117.31,34.09,34.0,1336.0,345.0,1009.0,311.0,1.608,73700.0,INLAND
-118.25,34.15,31.0,1238.0,338.0,605.0,331.0,2.8478,228100.0,<1H OCEAN
-122.4,37.71,40.0,1883.0,397.0,1411.0,438.0,3.0469,238000.0,NEAR BAY
-120.93,37.65,1.0,2254.0,328.0,402.0,112.0,4.25,189200.0,INLAND
-122.64,38.24,52.0,1621.0,393.0,635.0,349.0,2.5202,244000.0,<1H OCEAN
-121.94,37.93,16.0,3421.0,427.0,1341.0,428.0,7.5695,320400.0,INLAND
-118.23,34.18,43.0,1708.0,280.0,768.0,276.0,6.207,457400.0,<1H OCEAN
-119.01,36.08,31.0,1620.0,366.0,1154.0,348.0,1.8857,55500.0,INLAND
-121.77,38.67,45.0,2438.0,462.0,1415.0,510.0,2.8351,107200.0,INLAND
-122.23,38.06,52.0,1350.0,266.0,490.0,257.0,3.125,171100.0,NEAR BAY
-118.23,33.96,44.0,3186.0,876.0,3913.0,842.0,3.0143,148200.0,<1H OCEAN
-118.36,34.03,38.0,1400.0,376.0,1139.0,315.0,2.2368,120000.0,<1H OCEAN
-116.87,33.93,32.0,3141.0,812.0,2589.0,721.0,1.4556,54600.0,INLAND
-119.38,35.49,34.0,2304.0,437.0,1506.0,403.0,2.2071,64600.0,INLAND
-118.14,34.71,33.0,2347.0,461.0,1482.0,374.0,2.8194,93000.0,INLAND
-118.38,33.85,28.0,4430.0,928.0,2131.0,885.0,4.9384,378100.0,<1H OCEAN
-116.98,34.05,6.0,2290.0,312.0,957.0,274.0,7.2708,316700.0,INLAND
-122.19,37.83,29.0,1791.0,271.0,661.0,269.0,6.8538,368900.0,NEAR BAY
-118.14,33.91,34.0,1766.0,410.0,974.0,404.0,3.0703,180800.0,<1H OCEAN
-121.42,37.73,2.0,2682.0,393.0,883.0,271.0,5.9934,196700.0,INLAND
-121.34,38.66,17.0,1149.0,257.0,583.0,243.0,2.8092,137500.0,INLAND
-122.14,37.77,27.0,2229.0,365.0,1297.0,355.0,4.8304,279100.0,NEAR BAY
-117.09,32.62,34.0,1576.0,364.0,1153.0,381.0,2.1955,129700.0,NEAR OCEAN
-118.33,34.06,52.0,1368.0,231.0,737.0,248.0,8.3617,433800.0,<1H OCEAN
-122.27,37.8,39.0,1715.0,623.0,1327.0,467.0,1.8477,179200.0,NEAR BAY
-122.56,38.06,19.0,15622.0,2721.0,6109.0,2615.0,5.0965,295300.0,NEAR BAY
-117.1,33.12,12.0,961.0,342.0,315.0,201.0,0.813,275000.0,<1H OCEAN
-119.7,36.8,34.0,1768.0,303.0,888.0,314.0,3.8088,87700.0,INLAND
-118.0,33.85,34.0,1078.0,205.0,575.0,206.0,4.5083,188000.0,<1H OCEAN
-121.46,38.69,11.0,3335.0,658.0,1963.0,622.0,3.3125,96800.0,INLAND
-124.13,40.55,38.0,544.0,,240.0,91.0,3.25,94800.0,<1H OCEAN
-117.72,33.97,16.0,13290.0,2062.0,6931.0,2023.0,5.228,187800.0,<1H OCEAN
-117.13,32.97,10.0,3486.0,469.0,1700.0,483.0,6.4696,249500.0,<1H OCEAN
-118.23,34.12,32.0,2094.0,491.0,1413.0,479.0,4.5089,221100.0,<1H OCEAN
-118.04,33.85,23.0,3132.0,469.0,1646.0,478.0,5.777,315900.0,<1H OCEAN
-122.3,38.29,40.0,1739.0,318.0,744.0,312.0,2.6518,156100.0,NEAR BAY
-122.13,37.66,19.0,862.0,167.0,407.0,183.0,4.3456,163000.0,NEAR BAY
-117.83,33.73,20.0,5768.0,1597.0,4853.0,1465.0,3.5387,160400.0,<1H OCEAN
-118.32,33.79,35.0,2924.0,658.0,1675.0,602.0,3.8287,279900.0,<1H OCEAN
-121.38,38.62,34.0,2352.0,610.0,1127.0,592.0,2.2,116500.0,INLAND
-117.88,33.72,36.0,1910.0,352.0,1593.0,329.0,3.89,170000.0,<1H OCEAN
-118.34,33.99,48.0,2225.0,433.0,1170.0,401.0,2.9643,140400.0,<1H OCEAN
-122.47,37.74,52.0,1538.0,305.0,819.0,319.0,4.0846,333600.0,NEAR BAY
-121.89,37.26,25.0,3319.0,531.0,1560.0,502.0,5.8479,263300.0,<1H OCEAN
-119.72,36.34,33.0,1287.0,214.0,580.0,210.0,3.2019,112500.0,INLAND
-118.24,33.97,37.0,1212.0,314.0,1403.0,279.0,2.5536,117200.0,<1H OCEAN
-117.27,32.98,17.0,1853.0,392.0,351.0,208.0,5.2742,230700.0,NEAR OCEAN
-117.0,32.8,33.0,1816.0,325.0,768.0,316.0,4.5662,150300.0,<1H OCEAN
-117.82,33.89,21.0,3079.0,509.0,1431.0,480.0,4.0714,278900.0,<1H OCEAN
-118.54,34.06,21.0,3755.0,525.0,1493.0,526.0,11.4233,500001.0,<1H OCEAN
-118.99,35.36,18.0,1524.0,354.0,1210.0,344.0,1.1136,47800.0,INLAND
-117.58,34.1,4.0,6360.0,1584.0,3359.0,1396.0,3.5186,127800.0,INLAND
-121.34,38.59,23.0,2912.0,421.0,1132.0,410.0,5.9174,225900.0,INLAND
-118.51,34.26,29.0,2472.0,354.0,1109.0,397.0,5.5433,332500.0,<1H OCEAN
-117.95,33.76,29.0,1829.0,366.0,1703.0,343.0,4.1295,188000.0,<1H OCEAN
-115.5,32.67,35.0,2159.0,492.0,1694.0,475.0,2.1776,75500.0,INLAND
-122.24,37.82,52.0,1509.0,225.0,674.0,244.0,4.9306,313400.0,NEAR BAY
-122.24,38.11,42.0,1743.0,388.0,889.0,341.0,2.3241,99200.0,NEAR BAY
-117.81,33.88,19.0,2265.0,283.0,904.0,279.0,9.2327,461300.0,<1H OCEAN
-117.06,33.14,27.0,3819.0,674.0,2447.0,717.0,3.8185,137200.0,<1H OCEAN
-117.69,34.08,30.0,4255.0,773.0,2129.0,730.0,4.5185,142500.0,INLAND
-118.09,34.04,24.0,1543.0,257.0,824.0,271.0,6.4385,272600.0,<1H OCEAN
-122.0,38.35,24.0,745.0,116.0,300.0,115.0,3.6176,158500.0,INLAND
-122.04,37.58,14.0,14917.0,2708.0,8012.0,2606.0,5.6277,269800.0,NEAR BAY
-118.44,34.18,36.0,2077.0,496.0,1206.0,528.0,2.2326,221000.0,<1H OCEAN
-119.72,34.77,35.0,2469.0,553.0,1168.0,427.0,2.4583,62100.0,<1H OCEAN
-118.41,33.88,34.0,540.0,107.0,213.0,104.0,6.3403,500001.0,<1H OCEAN
-117.82,34.13,27.0,3770.0,573.0,1606.0,562.0,6.1321,309700.0,INLAND
-118.32,34.09,34.0,1478.0,675.0,1976.0,653.0,2.0557,225000.0,<1H OCEAN
-117.32,34.41,13.0,2032.0,348.0,1038.0,344.0,4.2891,120100.0,INLAND
-121.97,37.35,36.0,815.0,126.0,353.0,122.0,6.3191,258300.0,<1H OCEAN
-117.66,33.48,22.0,809.0,180.0,334.0,157.0,2.3846,500001.0,<1H OCEAN
-121.91,37.69,23.0,2179.0,308.0,926.0,299.0,5.9345,259600.0,<1H OCEAN
-122.46,37.88,35.0,2492.0,409.0,812.0,373.0,8.8386,500001.0,NEAR BAY
-119.24,35.67,32.0,3216.0,750.0,2639.0,709.0,2.0025,54700.0,INLAND
-117.63,33.47,4.0,2320.0,405.0,1408.0,477.0,6.3369,256000.0,NEAR OCEAN
-117.99,33.67,12.0,2228.0,479.0,1122.0,488.0,4.0385,350000.0,<1H OCEAN
-116.83,34.25,15.0,8948.0,1985.0,1316.0,514.0,2.7375,90800.0,INLAND
-121.42,38.52,32.0,2828.0,556.0,1655.0,485.0,2.5574,72600.0,INLAND
-117.7,33.57,9.0,1204.0,355.0,469.0,293.0,3.6196,119900.0,<1H OCEAN
-120.46,34.65,14.0,885.0,223.0,533.0,224.0,2.5966,109300.0,NEAR OCEAN
-122.83,38.98,17.0,1383.0,347.0,719.0,296.0,1.6164,77800.0,INLAND
-117.13,32.81,26.0,2119.0,444.0,1202.0,440.0,3.2308,166500.0,NEAR OCEAN
-117.05,32.68,19.0,1469.0,275.0,1010.0,292.0,3.5664,150400.0,NEAR OCEAN
-117.25,33.38,17.0,1614.0,431.0,1031.0,389.0,2.0956,134400.0,<1H OCEAN
-117.11,33.98,25.0,1254.0,312.0,715.0,301.0,2.7344,149000.0,INLAND
-121.9,37.28,26.0,3756.0,,1408.0,535.0,5.6427,320000.0,<1H OCEAN
-116.68,33.16,26.0,1820.0,374.0,1001.0,324.0,2.1797,156300.0,INLAND
-117.03,33.32,14.0,1088.0,209.0,601.0,193.0,3.8438,243800.0,<1H OCEAN
-118.51,34.22,36.0,1493.0,285.0,766.0,272.0,4.8646,213200.0,<1H OCEAN
-122.28,37.86,52.0,938.0,195.0,393.0,189.0,3.8594,196400.0,NEAR BAY
-121.96,37.25,19.0,1858.0,359.0,790.0,347.0,4.5156,339300.0,<1H OCEAN
-122.07,37.34,33.0,1208.0,198.0,495.0,216.0,5.4659,500001.0,<1H OCEAN
-118.16,33.87,32.0,1854.0,471.0,1363.0,478.0,2.6406,156700.0,<1H OCEAN
-117.04,32.74,33.0,3880.0,770.0,2288.0,805.0,3.6848,140700.0,NEAR OCEAN
-117.08,32.83,7.0,13703.0,2352.0,4446.0,1856.0,6.4335,260600.0,<1H OCEAN
-120.58,35.0,37.0,523.0,119.0,374.0,95.0,1.4726,106300.0,<1H OCEAN
-117.73,34.01,36.0,2340.0,392.0,1213.0,388.0,4.125,213000.0,INLAND
-117.12,33.49,4.0,21988.0,4055.0,8824.0,3252.0,3.9963,191100.0,<1H OCEAN
-118.01,34.08,35.0,1852.0,358.0,1414.0,347.0,4.275,173600.0,INLAND
-118.34,33.87,28.0,2948.0,566.0,1445.0,524.0,5.3743,286500.0,<1H OCEAN
-122.47,37.76,52.0,4001.0,809.0,1886.0,756.0,3.3239,350000.0,NEAR BAY
-122.03,36.96,32.0,2182.0,406.0,1122.0,370.0,3.52,284200.0,NEAR OCEAN
-118.29,34.09,39.0,336.0,173.0,586.0,151.0,1.8056,262500.0,<1H OCEAN
-118.17,33.77,37.0,1127.0,327.0,492.0,331.0,2.675,241700.0,NEAR OCEAN
-118.31,33.67,42.0,1297.0,246.0,611.0,242.0,5.3074,401900.0,NEAR OCEAN
-122.69,38.94,9.0,1245.0,234.0,517.0,187.0,3.125,93400.0,INLAND
-115.55,32.79,22.0,565.0,162.0,692.0,141.0,1.2083,53600.0,INLAND
-121.95,38.03,5.0,5526.0,,3207.0,1012.0,4.0767,143100.0,INLAND
-118.35,33.91,26.0,2159.0,523.0,1331.0,520.0,3.87,264500.0,<1H OCEAN
-121.38,38.68,40.0,67.0,17.0,50.0,32.0,1.7596,93800.0,INLAND
-119.06,36.15,20.0,1282.0,273.0,852.0,247.0,1.6354,49000.0,INLAND
-119.29,36.28,23.0,1895.0,340.0,749.0,313.0,2.2333,120100.0,INLAND
-114.68,33.49,20.0,1491.0,360.0,1135.0,303.0,1.6395,44400.0,INLAND
-118.26,33.97,46.0,1295.0,351.0,1120.0,323.0,1.7121,98200.0,<1H OCEAN
-116.95,33.79,20.0,2399.0,546.0,1726.0,542.0,1.8845,77700.0,INLAND
-122.29,38.32,23.0,4312.0,993.0,2317.0,934.0,2.7667,153200.0,NEAR BAY
-121.0,37.66,43.0,2039.0,331.0,875.0,342.0,3.9844,152000.0,INLAND
-117.92,33.65,20.0,1391.0,393.0,856.0,360.0,3.184,220000.0,<1H OCEAN
-117.98,33.61,17.0,2054.0,291.0,836.0,288.0,6.8939,383900.0,NEAR OCEAN
-122.2,37.81,45.0,2964.0,436.0,1067.0,426.0,6.7851,323500.0,NEAR BAY
-118.26,33.92,40.0,1076.0,244.0,705.0,255.0,1.7986,98900.0,<1H OCEAN
-118.41,33.75,4.0,311.0,51.0,128.0,46.0,9.8091,500001.0,NEAR OCEAN
-122.28,37.81,52.0,773.0,143.0,377.0,115.0,2.4083,98200.0,NEAR BAY
-117.23,33.94,8.0,2405.0,537.0,1594.0,517.0,3.0789,114200.0,INLAND
-119.69,36.81,15.0,2892.0,496.0,1634.0,501.0,4.4934,88000.0,INLAND
-118.25,33.97,39.0,1346.0,380.0,1520.0,356.0,1.1635,108700.0,<1H OCEAN
-122.34,37.52,34.0,3559.0,560.0,1747.0,550.0,6.6959,411200.0,NEAR OCEAN
-121.46,38.61,43.0,1111.0,269.0,613.0,290.0,1.2917,66300.0,INLAND
-116.0,34.12,32.0,3163.0,712.0,1358.0,544.0,2.125,57700.0,INLAND
-122.65,38.01,40.0,1428.0,280.0,708.0,255.0,5.0766,305400.0,NEAR OCEAN
-121.98,38.25,4.0,2487.0,440.0,1545.0,452.0,4.9103,140400.0,INLAND
-118.24,34.13,37.0,1644.0,395.0,959.0,383.0,3.3636,257700.0,<1H OCEAN
-122.12,37.42,36.0,2607.0,551.0,1165.0,523.0,5.1524,373100.0,NEAR BAY
-118.31,33.9,38.0,1400.0,399.0,1131.0,405.0,3.5417,198400.0,<1H OCEAN
-118.21,34.04,47.0,1325.0,393.0,1557.0,352.0,2.8,148400.0,<1H OCEAN
-118.41,34.17,35.0,2027.0,428.0,879.0,402.0,4.692,330900.0,<1H OCEAN
-119.55,36.72,6.0,1186.0,234.0,1135.0,218.0,2.1515,63900.0,INLAND
-117.17,33.18,25.0,596.0,115.0,426.0,137.0,3.0221,214300.0,<1H OCEAN
-118.9,34.19,26.0,1582.0,196.0,573.0,182.0,10.0595,500001.0,<1H OCEAN
-118.75,34.28,27.0,1452.0,251.0,928.0,259.0,4.6908,186600.0,<1H OCEAN
-118.03,33.91,32.0,4040.0,832.0,2526.0,798.0,3.2143,160100.0,<1H OCEAN
-118.48,34.03,32.0,1793.0,476.0,1143.0,448.0,2.8981,353600.0,<1H OCEAN
-117.92,33.83,17.0,382.0,86.0,272.0,81.0,1.425,212500.0,<1H OCEAN
-122.05,37.9,24.0,4125.0,1020.0,1699.0,873.0,2.9526,271000.0,NEAR BAY
-118.59,34.23,17.0,6592.0,1525.0,4459.0,1463.0,3.0347,254500.0,<1H OCEAN
-118.03,34.16,36.0,1401.0,218.0,667.0,225.0,7.1615,484700.0,INLAND
-118.05,34.13,23.0,3264.0,729.0,1475.0,668.0,3.735,218300.0,INLAND
-120.84,35.31,23.0,3100.0,603.0,1515.0,609.0,2.8493,196100.0,NEAR OCEAN
-118.28,33.96,37.0,1812.0,500.0,1640.0,447.0,1.9348,99100.0,<1H OCEAN
-122.07,37.96,34.0,1692.0,290.0,836.0,289.0,5.0172,197100.0,NEAR BAY
-117.19,32.83,30.0,3225.0,555.0,1601.0,532.0,4.3317,173300.0,NEAR OCEAN
-121.37,38.59,36.0,2388.0,369.0,838.0,356.0,4.775,194100.0,INLAND
-121.67,39.26,29.0,3041.0,683.0,2106.0,687.0,1.6315,58000.0,INLAND
-118.32,33.82,22.0,2508.0,402.0,1254.0,395.0,7.0935,379500.0,<1H OCEAN
-117.23,32.74,44.0,1404.0,229.0,513.0,217.0,4.1806,263800.0,NEAR OCEAN
-117.1,32.58,17.0,2046.0,559.0,1585.0,530.0,2.25,132800.0,NEAR OCEAN
-116.89,32.99,14.0,2816.0,501.0,1448.0,452.0,5.0278,210900.0,<1H OCEAN
-119.76,36.75,39.0,2233.0,563.0,2031.0,491.0,1.8641,50800.0,INLAND
-121.25,38.72,15.0,6838.0,941.0,3166.0,926.0,5.2177,162700.0,INLAND
-118.29,33.98,42.0,2833.0,768.0,2542.0,725.0,1.3479,100000.0,<1H OCEAN
-121.4,37.74,20.0,2706.0,477.0,1236.0,474.0,4.15,322400.0,INLAND
-121.44,38.57,52.0,3080.0,545.0,975.0,495.0,3.776,164500.0,INLAND
-118.34,34.05,50.0,2009.0,419.0,1130.0,402.0,3.1944,213500.0,<1H OCEAN
-114.57,33.52,27.0,173.0,35.0,117.0,34.0,2.0833,45000.0,INLAND
-120.43,34.87,21.0,2131.0,329.0,1094.0,353.0,4.6648,193000.0,<1H OCEAN
-117.01,32.75,26.0,4038.0,706.0,2065.0,687.0,3.9545,178100.0,<1H OCEAN
-118.28,33.73,45.0,2137.0,559.0,1550.0,529.0,1.9167,227200.0,NEAR OCEAN
-118.2,33.96,37.0,2127.0,533.0,2021.0,480.0,2.9773,164600.0,<1H OCEAN
-121.43,38.56,41.0,1105.0,227.0,443.0,210.0,3.1827,131700.0,INLAND
-121.28,38.9,31.0,1297.0,259.0,765.0,240.0,2.7656,93600.0,INLAND
-122.4,37.75,26.0,54.0,9.0,23.0,9.0,6.1359,225000.0,NEAR BAY
-116.21,33.68,34.0,584.0,176.0,625.0,166.0,1.5809,100000.0,INLAND
-118.17,34.02,41.0,676.0,216.0,851.0,199.0,2.3077,140600.0,<1H OCEAN
-117.24,32.79,18.0,2539.0,616.0,964.0,526.0,3.4306,275000.0,NEAR OCEAN
-117.89,33.75,34.0,2753.0,654.0,3117.0,631.0,3.1713,170100.0,<1H OCEAN
-122.03,37.93,21.0,4712.0,624.0,1773.0,615.0,6.0918,344800.0,NEAR BAY
-119.79,36.32,19.0,3252.0,614.0,1971.0,607.0,3.0667,75800.0,INLAND
-119.61,36.56,34.0,1911.0,497.0,1886.0,481.0,1.625,53000.0,INLAND
-118.35,34.32,52.0,102.0,29.0,54.0,32.0,1.9875,191700.0,<1H OCEAN
-122.26,37.86,35.0,5161.0,1744.0,3276.0,1742.0,1.6307,253600.0,NEAR BAY
-122.35,37.93,41.0,268.0,75.0,198.0,82.0,3.2222,156300.0,NEAR BAY
-122.57,38.11,32.0,3521.0,748.0,1706.0,723.0,3.4705,228600.0,NEAR BAY
-121.1,38.33,14.0,1357.0,247.0,695.0,224.0,4.1974,157800.0,INLAND
-124.18,40.78,34.0,1592.0,364.0,950.0,317.0,2.1607,67000.0,NEAR OCEAN
-118.35,34.16,49.0,1305.0,228.0,584.0,255.0,5.636,267900.0,<1H OCEAN
-118.05,33.79,19.0,1863.0,355.0,1260.0,317.0,3.2465,277400.0,<1H OCEAN
-122.04,36.98,35.0,2155.0,355.0,866.0,335.0,5.6188,404700.0,NEAR OCEAN
-121.19,38.71,11.0,4415.0,,1520.0,627.0,3.2321,390800.0,INLAND
-117.45,34.01,26.0,3042.0,598.0,1720.0,551.0,2.76,95200.0,INLAND
-122.72,38.43,31.0,2020.0,476.0,1408.0,437.0,2.5735,131100.0,<1H OCEAN
-120.37,34.69,18.0,1868.0,315.0,747.0,265.0,4.7946,290600.0,NEAR OCEAN
-121.58,39.12,26.0,2796.0,629.0,2017.0,632.0,1.8355,61200.0,INLAND
-118.29,33.9,42.0,1273.0,309.0,1203.0,348.0,4.4636,162000.0,<1H OCEAN
-117.92,33.65,28.0,1087.0,423.0,807.0,425.0,0.9702,225400.0,<1H OCEAN
-117.09,32.79,36.0,1529.0,266.0,683.0,260.0,4.0982,171200.0,NEAR OCEAN
-121.51,38.56,43.0,1048.0,312.0,1320.0,294.0,1.0649,137500.0,INLAND
-121.34,38.66,16.0,3154.0,860.0,1837.0,793.0,1.9805,92900.0,INLAND
-117.25,32.81,39.0,1846.0,350.0,765.0,329.0,3.9187,311900.0,NEAR OCEAN
-118.99,35.35,27.0,1615.0,355.0,1380.0,332.0,1.6632,49800.0,INLAND
-122.46,37.69,35.0,1983.0,385.0,1577.0,414.0,4.0833,266700.0,NEAR OCEAN
-119.12,36.19,21.0,2645.0,464.0,1245.0,407.0,2.9145,114200.0,INLAND
-122.47,37.67,20.0,5689.0,992.0,3752.0,1002.0,5.5845,304300.0,NEAR OCEAN
-117.26,32.85,30.0,3652.0,499.0,978.0,462.0,8.2374,500001.0,NEAR OCEAN
-122.46,37.71,39.0,2076.0,482.0,1738.0,445.0,3.1958,232100.0,NEAR OCEAN
-118.3,34.03,47.0,2241.0,559.0,1775.0,504.0,2.1571,147900.0,<1H OCEAN
-118.41,33.93,38.0,3328.0,625.0,1455.0,619.0,5.0596,363900.0,<1H OCEAN
-121.01,37.62,35.0,568.0,150.0,622.0,145.0,1.8167,79500.0,INLAND
-121.28,37.97,47.0,2348.0,507.0,1455.0,479.0,1.65,66000.0,INLAND
-121.5,38.61,5.0,1395.0,373.0,638.0,322.0,2.6745,225000.0,INLAND
-121.41,38.64,41.0,1578.0,317.0,897.0,333.0,2.3214,66800.0,INLAND
-119.63,36.7,42.0,1338.0,215.0,617.0,222.0,3.0833,133300.0,INLAND
-118.72,34.28,17.0,3051.0,,1705.0,495.0,5.7376,218600.0,<1H OCEAN
-122.23,40.2,17.0,762.0,138.0,322.0,139.0,4.2917,128800.0,INLAND
-119.12,36.29,29.0,1638.0,323.0,942.0,322.0,2.1731,66200.0,INLAND
-118.53,34.27,33.0,1927.0,305.0,896.0,293.0,5.634,320500.0,<1H OCEAN
-118.35,34.07,52.0,2315.0,356.0,894.0,345.0,4.1328,500001.0,<1H OCEAN
-118.65,34.18,27.0,1793.0,339.0,1016.0,326.0,4.925,240300.0,<1H OCEAN
-119.56,36.51,37.0,1018.0,213.0,663.0,204.0,1.6635,67000.0,INLAND
-119.43,36.63,25.0,1784.0,312.0,904.0,303.0,3.625,107600.0,INLAND
-122.17,37.74,46.0,1026.0,226.0,749.0,225.0,3.0298,107600.0,NEAR BAY
-120.49,37.3,35.0,1313.0,324.0,1350.0,343.0,1.75,57600.0,INLAND
-118.22,33.98,30.0,1971.0,645.0,2650.0,605.0,2.0357,169900.0,<1H OCEAN
-122.2,37.46,40.0,1723.0,208.0,976.0,209.0,9.8892,500001.0,NEAR OCEAN
-122.01,37.32,32.0,3108.0,613.0,1577.0,603.0,4.6613,284000.0,<1H OCEAN
-121.97,37.64,32.0,1283.0,194.0,485.0,171.0,6.0574,431000.0,<1H OCEAN
-118.3,33.83,33.0,2716.0,660.0,1807.0,661.0,3.5473,226300.0,<1H OCEAN
-118.16,34.04,45.0,332.0,70.0,302.0,60.0,3.1895,156300.0,<1H OCEAN
-122.35,37.58,26.0,854.0,246.0,396.0,231.0,2.8393,375000.0,NEAR OCEAN
-117.33,34.12,33.0,933.0,219.0,838.0,211.0,1.3417,69000.0,INLAND
-121.63,36.65,44.0,309.0,121.0,315.0,80.0,1.6071,112500.0,<1H OCEAN
-117.87,33.75,26.0,411.0,114.0,448.0,95.0,1.7019,350000.0,<1H OCEAN
-119.75,36.78,28.0,3257.0,752.0,1981.0,712.0,2.293,71700.0,INLAND
-118.61,34.15,32.0,4491.0,815.0,1696.0,749.0,4.9102,319100.0,<1H OCEAN
-121.67,36.67,24.0,3071.0,544.0,1477.0,560.0,3.9219,222500.0,<1H OCEAN
-122.23,40.57,18.0,1633.0,243.0,750.0,252.0,5.1585,150800.0,INLAND
-122.45,37.74,46.0,6429.0,1093.0,2535.0,1109.0,5.0887,335100.0,NEAR BAY
-122.15,37.71,18.0,5778.0,1526.0,2441.0,1352.0,3.1682,202700.0,NEAR BAY
-121.48,38.56,44.0,1151.0,263.0,518.0,258.0,2.0089,113600.0,INLAND
-118.78,34.16,9.0,30405.0,4093.0,12873.0,3931.0,8.0137,399200.0,NEAR OCEAN
-118.25,33.92,46.0,723.0,154.0,411.0,165.0,2.0893,96500.0,<1H OCEAN
-120.71,38.34,16.0,1257.0,231.0,559.0,213.0,4.4531,144300.0,INLAND
-121.9,37.27,28.0,4538.0,685.0,1996.0,667.0,5.4609,263600.0,<1H OCEAN
-118.06,33.88,17.0,7187.0,1073.0,3844.0,1068.0,6.5901,337400.0,<1H OCEAN
-118.08,34.12,41.0,1598.0,280.0,807.0,282.0,5.5067,325000.0,<1H OCEAN
-118.39,33.71,18.0,1193.0,233.0,475.0,228.0,7.5594,500001.0,NEAR OCEAN
-119.19,36.14,41.0,759.0,140.0,408.0,129.0,3.9,85900.0,INLAND
-122.71,38.44,27.0,966.0,251.0,462.0,230.0,1.7,350000.0,<1H OCEAN
-117.97,33.86,12.0,1370.0,367.0,1022.0,296.0,3.6471,141700.0,<1H OCEAN
-122.14,39.65,33.0,419.0,77.0,190.0,67.0,3.6429,87500.0,INLAND
-120.68,35.14,34.0,3100.0,617.0,1155.0,542.0,3.0938,245900.0,NEAR OCEAN
-116.98,32.88,12.0,7320.0,1279.0,4048.0,1249.0,4.3952,151700.0,<1H OCEAN
-122.11,37.64,8.0,3592.0,849.0,1907.0,746.0,3.6708,197900.0,NEAR BAY
-121.81,37.3,14.0,1870.0,348.0,1214.0,347.0,4.9769,186500.0,<1H OCEAN
-118.11,33.86,33.0,2389.0,410.0,1229.0,393.0,5.3889,234900.0,<1H OCEAN
-117.11,33.12,46.0,52.0,13.0,59.0,13.0,3.875,200000.0,<1H OCEAN
-118.38,34.2,32.0,993.0,285.0,1044.0,248.0,2.4306,187500.0,<1H OCEAN
-120.82,35.32,12.0,3522.0,683.0,1780.0,662.0,3.3958,215800.0,NEAR OCEAN
-121.57,37.02,17.0,2889.0,624.0,2681.0,608.0,2.9417,178000.0,INLAND
-117.02,33.81,10.0,6317.0,1335.0,2625.0,1094.0,2.3,108900.0,INLAND
-118.32,33.74,24.0,6097.0,794.0,2248.0,806.0,10.1357,500001.0,NEAR OCEAN
-122.16,37.75,35.0,667.0,140.0,406.0,133.0,3.8047,94300.0,NEAR BAY
-124.16,41.02,23.0,1672.0,385.0,1060.0,390.0,2.1726,75500.0,NEAR OCEAN
-118.19,33.77,31.0,1711.0,691.0,1092.0,568.0,1.0714,150000.0,NEAR OCEAN
-118.26,33.99,30.0,1702.0,443.0,1966.0,442.0,1.5521,97500.0,<1H OCEAN
-118.44,34.21,37.0,1665.0,335.0,1011.0,343.0,4.8703,185100.0,<1H OCEAN
-120.32,37.29,9.0,695.0,188.0,810.0,190.0,1.6172,56300.0,INLAND
-118.62,34.2,32.0,3233.0,553.0,1678.0,545.0,5.0025,234900.0,<1H OCEAN
-118.15,34.2,52.0,1786.0,306.0,1018.0,322.0,4.1518,182100.0,INLAND
-118.42,34.04,52.0,1358.0,272.0,574.0,267.0,5.6454,500001.0,<1H OCEAN
-118.25,34.23,35.0,2839.0,592.0,1413.0,538.0,4.1667,271200.0,<1H OCEAN
-119.86,34.41,24.0,1576.0,580.0,1630.0,531.0,1.24,325000.0,NEAR OCEAN
-122.49,37.76,52.0,1382.0,230.0,708.0,279.0,5.8096,339800.0,NEAR BAY
-117.83,33.89,25.0,1737.0,270.0,840.0,265.0,4.625,245700.0,<1H OCEAN
-120.41,37.88,16.0,744.0,141.0,311.0,122.0,4.4231,87500.0,INLAND
-119.83,36.54,31.0,1732.0,332.0,979.0,294.0,2.5208,60000.0,INLAND
-121.98,37.27,25.0,3075.0,564.0,1633.0,543.0,5.2528,269400.0,<1H OCEAN
-122.14,37.73,51.0,2619.0,403.0,922.0,393.0,4.6042,251900.0,NEAR BAY
-122.9,41.46,31.0,1277.0,263.0,600.0,241.0,1.7292,61700.0,INLAND
-119.77,36.32,14.0,3400.0,618.0,1867.0,612.0,3.9926,92500.0,INLAND
-122.3,37.81,48.0,828.0,182.0,392.0,133.0,2.5938,73500.0,NEAR BAY
-119.29,36.55,21.0,2467.0,520.0,1721.0,515.0,2.5521,65600.0,INLAND
-121.83,37.26,15.0,3243.0,551.0,1752.0,551.0,5.5849,257400.0,<1H OCEAN
-122.02,37.4,33.0,2015.0,484.0,1285.0,419.0,4.0655,226800.0,<1H OCEAN
-118.22,34.06,34.0,1083.0,364.0,1132.0,338.0,2.2344,153100.0,<1H OCEAN
-118.22,33.9,35.0,1649.0,424.0,1786.0,388.0,1.4091,105600.0,<1H OCEAN
-117.82,33.66,15.0,2460.0,447.0,1049.0,398.0,6.4967,387500.0,<1H OCEAN
-122.42,37.77,52.0,2185.0,656.0,1266.0,626.0,2.7794,350000.0,NEAR BAY
-117.16,32.72,52.0,788.0,463.0,805.0,391.0,0.9142,162500.0,NEAR OCEAN
-117.06,32.69,13.0,705.0,149.0,718.0,155.0,4.4375,154900.0,NEAR OCEAN
-122.02,37.6,32.0,1295.0,295.0,1097.0,328.0,3.2386,149600.0,NEAR BAY
-118.31,33.82,39.0,2198.0,425.0,1160.0,436.0,4.1406,323700.0,<1H OCEAN
-122.09,37.4,17.0,748.0,184.0,412.0,180.0,3.4375,290600.0,NEAR BAY
-119.06,34.36,52.0,1409.0,359.0,981.0,304.0,2.7951,199300.0,<1H OCEAN
-121.81,37.23,17.0,2319.0,324.0,1076.0,338.0,6.4664,278300.0,<1H OCEAN
-118.01,33.67,13.0,2902.0,536.0,1125.0,490.0,5.888,447700.0,NEAR OCEAN
-118.35,33.97,30.0,1548.0,330.0,757.0,349.0,3.8056,323800.0,<1H OCEAN
-117.34,33.16,31.0,2851.0,458.0,1286.0,467.0,4.5694,243700.0,NEAR OCEAN
-118.97,37.64,13.0,1907.0,544.0,575.0,234.0,3.0685,162500.0,INLAND
-121.05,37.64,33.0,1438.0,237.0,569.0,208.0,3.3516,150000.0,INLAND
-118.44,34.29,35.0,2606.0,447.0,1555.0,404.0,4.6864,193800.0,<1H OCEAN
-122.44,37.77,52.0,3225.0,667.0,1494.0,619.0,4.4875,500001.0,NEAR BAY
-120.84,37.51,14.0,6337.0,1593.0,3909.0,1480.0,2.0643,106500.0,INLAND
-120.25,38.04,22.0,4173.0,763.0,1086.0,444.0,2.5562,136200.0,INLAND
-122.09,37.39,34.0,1508.0,483.0,774.0,443.0,2.7279,365600.0,NEAR BAY
-122.42,37.79,48.0,4506.0,1342.0,1980.0,1239.0,4.0156,500001.0,NEAR BAY
-118.3,34.1,35.0,7517.0,2961.0,5899.0,2769.0,1.9354,340000.0,<1H OCEAN
-122.07,37.93,25.0,7201.0,1521.0,3264.0,1433.0,3.7433,252100.0,NEAR BAY
-121.44,38.47,5.0,5666.0,1178.0,3139.0,1131.0,3.3608,108900.0,INLAND
-117.03,32.6,26.0,1335.0,224.0,742.0,215.0,5.152,143400.0,NEAR OCEAN
-121.98,37.97,26.0,2738.0,428.0,1316.0,430.0,5.2442,213200.0,INLAND
-121.79,37.31,22.0,2199.0,361.0,1270.0,386.0,5.1149,235700.0,<1H OCEAN
-121.81,37.99,18.0,2807.0,445.0,1315.0,437.0,4.8194,170400.0,INLAND
-117.59,33.66,4.0,1318.0,218.0,673.0,225.0,6.0722,260800.0,<1H OCEAN
-120.66,38.4,18.0,2144.0,420.0,985.0,381.0,3.175,118500.0,INLAND
-122.26,37.5,24.0,2307.0,510.0,842.0,507.0,3.6111,341500.0,NEAR OCEAN
-118.13,34.44,10.0,2726.0,465.0,1773.0,459.0,4.8295,319100.0,INLAND
-122.25,38.1,52.0,2315.0,556.0,1113.0,486.0,2.5042,147900.0,NEAR BAY
-118.94,34.17,15.0,1679.0,271.0,928.0,264.0,5.5681,235600.0,<1H OCEAN
-123.03,38.79,16.0,4047.0,769.0,1998.0,673.0,3.375,171900.0,<1H OCEAN
-119.84,37.48,17.0,2582.0,553.0,1087.0,423.0,2.5,104200.0,INLAND
-117.93,33.87,52.0,950.0,229.0,429.0,185.0,2.315,182100.0,<1H OCEAN
-118.16,34.0,37.0,1341.0,336.0,1233.0,306.0,3.6583,150500.0,<1H OCEAN
-119.27,34.29,32.0,2274.0,406.0,982.0,393.0,5.3254,385200.0,NEAR OCEAN
-124.3,41.8,19.0,2672.0,552.0,1298.0,478.0,1.9797,85800.0,NEAR OCEAN
-118.04,33.95,36.0,2722.0,515.0,1390.0,486.0,3.8214,178500.0,<1H OCEAN
-121.85,37.38,12.0,12980.0,2568.0,8190.0,2515.0,5.2415,286500.0,<1H OCEAN
-118.29,34.01,40.0,885.0,312.0,799.0,221.0,1.1667,143800.0,<1H OCEAN
-117.22,34.48,7.0,2449.0,447.0,1217.0,408.0,3.6646,109900.0,INLAND
-118.1,33.82,36.0,1946.0,346.0,871.0,336.0,5.2155,254800.0,<1H OCEAN
-118.17,34.04,39.0,563.0,138.0,682.0,137.0,2.75,150000.0,<1H OCEAN
-118.56,34.22,34.0,1599.0,294.0,819.0,306.0,4.3194,197000.0,<1H OCEAN
-118.15,33.87,29.0,2690.0,659.0,1747.0,617.0,3.3713,198200.0,<1H OCEAN
-122.38,40.57,43.0,2251.0,542.0,1479.0,512.0,1.5676,58200.0,INLAND
-122.71,38.44,52.0,988.0,283.0,475.0,242.0,1.3684,258300.0,<1H OCEAN
-122.58,38.59,33.0,1239.0,262.0,539.0,246.0,3.5208,195800.0,INLAND
-122.41,38.16,37.0,1549.0,,863.0,275.0,2.7457,254700.0,NEAR BAY
-118.24,33.96,34.0,1724.0,432.0,1876.0,416.0,2.1078,100600.0,<1H OCEAN
-118.13,33.79,20.0,6678.0,1797.0,3625.0,1599.0,3.7716,242900.0,NEAR OCEAN
-118.24,34.12,41.0,1213.0,301.0,801.0,300.0,3.1806,204200.0,<1H OCEAN
-122.38,37.76,52.0,248.0,68.0,124.0,51.0,1.4886,450000.0,NEAR BAY
-121.0,37.68,29.0,2911.0,445.0,1170.0,460.0,4.9904,158100.0,INLAND
-118.57,34.27,20.0,7384.0,845.0,2795.0,872.0,9.6047,500001.0,<1H OCEAN
-121.46,38.55,52.0,2094.0,463.0,1364.0,407.0,1.2235,68500.0,INLAND
-116.75,32.85,17.0,4863.0,845.0,2266.0,769.0,4.2321,217400.0,<1H OCEAN
-118.35,34.17,47.0,858.0,170.0,365.0,171.0,2.0385,225000.0,<1H OCEAN
-118.21,34.13,52.0,2465.0,611.0,1433.0,570.0,3.25,214200.0,<1H OCEAN
-121.97,37.97,24.0,1330.0,183.0,656.0,205.0,5.0092,244100.0,INLAND
-116.94,33.74,19.0,2901.0,445.0,1414.0,475.0,4.6406,118900.0,INLAND
-121.19,38.85,8.0,4114.0,710.0,2268.0,716.0,4.4085,139400.0,INLAND
-122.44,38.57,26.0,2101.0,390.0,2171.0,360.0,3.6429,159700.0,INLAND
-122.42,38.31,18.0,1479.0,246.0,550.0,217.0,4.7356,333300.0,NEAR BAY
-119.84,34.45,26.0,4424.0,616.0,1839.0,601.0,6.3654,331200.0,NEAR OCEAN
-121.89,37.36,37.0,1525.0,363.0,1075.0,374.0,2.8971,186100.0,<1H OCEAN
-118.14,34.18,50.0,1493.0,326.0,1000.0,323.0,3.3068,154400.0,<1H OCEAN
-119.1,36.21,38.0,727.0,173.0,559.0,176.0,2.4653,49500.0,INLAND
-117.18,34.06,28.0,699.0,180.0,432.0,168.0,2.1875,81900.0,INLAND
-121.3,37.99,38.0,2375.0,494.0,1167.0,471.0,2.6673,87500.0,INLAND
-117.49,33.9,7.0,10235.0,2238.0,5271.0,2094.0,3.6071,159100.0,INLAND
-117.67,33.61,23.0,3588.0,577.0,1695.0,569.0,6.1401,243200.0,<1H OCEAN
-118.01,33.89,36.0,1589.0,265.0,804.0,272.0,4.6354,202900.0,<1H OCEAN
-120.99,39.18,23.0,2550.0,457.0,1016.0,405.0,3.6607,153000.0,INLAND
-121.07,39.13,8.0,4839.0,832.0,1977.0,762.0,4.0848,155900.0,INLAND
-117.11,32.7,33.0,1980.0,488.0,1626.0,428.0,1.4856,86400.0,NEAR OCEAN
-118.15,34.11,52.0,2375.0,369.0,930.0,351.0,7.4111,469100.0,<1H OCEAN
-117.05,33.03,16.0,87.0,20.0,32.0,21.0,4.3571,144600.0,<1H OCEAN
-122.2,37.4,30.0,2612.0,338.0,980.0,324.0,10.0481,500001.0,NEAR OCEAN
-118.52,34.28,33.0,1975.0,271.0,801.0,287.0,7.8193,379600.0,<1H OCEAN
-118.24,34.13,45.0,1971.0,439.0,1245.0,430.0,4.0272,260500.0,<1H OCEAN
-121.45,38.52,37.0,1705.0,325.0,827.0,326.0,2.6288,71200.0,INLAND
-117.69,33.62,18.0,4265.0,581.0,2025.0,544.0,6.4598,282700.0,<1H OCEAN
-118.45,34.24,11.0,9053.0,2193.0,7096.0,2038.0,3.5082,136500.0,<1H OCEAN
-117.71,33.61,26.0,2280.0,550.0,669.0,502.0,2.3438,72300.0,<1H OCEAN
-118.38,33.8,36.0,4421.0,702.0,1433.0,624.0,8.0838,500001.0,NEAR OCEAN
-121.79,37.32,20.0,3034.0,451.0,1669.0,430.0,6.2742,241300.0,<1H OCEAN
-121.04,37.5,33.0,613.0,123.0,343.0,116.0,3.1875,129200.0,INLAND
-121.33,38.69,15.0,3137.0,509.0,1635.0,544.0,4.6923,122700.0,INLAND
-121.31,37.98,47.0,3386.0,663.0,1228.0,619.0,3.0625,141500.0,INLAND
-121.89,37.44,8.0,2534.0,,1527.0,364.0,7.8532,422800.0,<1H OCEAN
-117.88,33.65,24.0,4879.0,756.0,1777.0,754.0,5.9055,477300.0,<1H OCEAN
-117.26,33.18,9.0,4540.0,793.0,2235.0,746.0,4.5781,225600.0,NEAR OCEAN
-117.84,34.12,25.0,3465.0,566.0,1722.0,536.0,4.8304,228900.0,INLAND
-117.99,33.82,33.0,2342.0,475.0,1367.0,509.0,4.1167,215500.0,<1H OCEAN
-121.92,37.24,27.0,1265.0,216.0,660.0,232.0,5.3911,281200.0,<1H OCEAN
-122.05,37.36,29.0,1733.0,255.0,679.0,278.0,7.5337,406800.0,<1H OCEAN
-122.03,37.92,23.0,3318.0,408.0,1124.0,393.0,6.5847,358800.0,NEAR BAY
-118.39,34.08,52.0,3759.0,464.0,1407.0,422.0,15.0001,500001.0,<1H OCEAN
-121.47,38.55,52.0,1384.0,295.0,561.0,244.0,2.0242,94600.0,INLAND
-118.43,34.01,31.0,2526.0,528.0,1046.0,504.0,4.7009,500001.0,<1H OCEAN
-122.27,40.53,17.0,2255.0,416.0,1171.0,411.0,2.875,129800.0,INLAND
-118.14,34.04,37.0,1129.0,212.0,509.0,202.0,2.6146,243200.0,<1H OCEAN
-122.18,38.07,10.0,4976.0,849.0,2089.0,803.0,5.3288,201800.0,NEAR BAY
-122.52,37.9,16.0,1704.0,402.0,689.0,348.0,4.4239,267100.0,NEAR BAY
-122.34,37.94,44.0,1917.0,444.0,936.0,435.0,2.7391,140300.0,NEAR BAY
-118.35,34.0,46.0,3402.0,503.0,1389.0,504.0,5.3462,270400.0,<1H OCEAN
-121.33,37.98,36.0,3113.0,576.0,1746.0,544.0,3.4625,84600.0,INLAND
-120.16,37.12,29.0,1995.0,392.0,1261.0,354.0,1.9073,79200.0,INLAND
-122.2,37.77,39.0,2689.0,597.0,1888.0,537.0,2.2562,94800.0,NEAR BAY
-115.57,32.84,29.0,1207.0,301.0,804.0,288.0,1.9531,61100.0,INLAND
-122.16,37.45,37.0,2926.0,874.0,1363.0,815.0,4.5987,356000.0,NEAR BAY
-121.37,38.68,34.0,1086.0,187.0,663.0,190.0,3.3074,84200.0,INLAND
-122.3,37.9,35.0,1102.0,308.0,688.0,303.0,2.3946,141700.0,NEAR BAY
-118.53,34.2,33.0,3270.0,818.0,2118.0,763.0,3.225,205300.0,<1H OCEAN
-118.06,33.98,40.0,1410.0,255.0,932.0,273.0,4.2206,178000.0,<1H OCEAN
-121.93,37.73,23.0,2564.0,347.0,1043.0,351.0,6.2048,275000.0,<1H OCEAN
-117.94,33.92,32.0,1053.0,207.0,1038.0,222.0,4.6696,165500.0,<1H OCEAN
-117.87,33.86,28.0,2292.0,531.0,2197.0,509.0,3.4856,142800.0,<1H OCEAN
-121.62,39.79,11.0,3835.0,727.0,1456.0,658.0,2.5374,97200.0,INLAND
-121.55,39.5,26.0,3215.0,827.0,2041.0,737.0,1.0585,45100.0,INLAND
-117.88,34.12,36.0,2029.0,351.0,1327.0,364.0,4.1836,164300.0,<1H OCEAN
-121.86,37.26,16.0,2814.0,485.0,1305.0,465.0,5.5121,224100.0,<1H OCEAN
-117.85,33.75,27.0,2311.0,632.0,2936.0,609.0,2.5651,171400.0,<1H OCEAN
-118.15,33.95,31.0,1053.0,230.0,686.0,211.0,4.0,263200.0,<1H OCEAN
-117.08,32.91,16.0,1653.0,228.0,690.0,224.0,6.5853,248400.0,<1H OCEAN
-119.04,35.95,25.0,1009.0,246.0,994.0,222.0,1.8462,55800.0,INLAND
-116.37,33.72,17.0,8626.0,1859.0,3497.0,1337.0,3.312,121300.0,INLAND
-122.38,40.09,16.0,2077.0,388.0,1155.0,389.0,3.1361,84800.0,INLAND
-118.18,34.12,52.0,1081.0,311.0,904.0,283.0,1.9219,165100.0,<1H OCEAN
-118.03,34.11,34.0,2837.0,460.0,1344.0,458.0,6.5722,437400.0,INLAND
-122.62,38.73,21.0,1425.0,323.0,727.0,287.0,2.1474,85300.0,INLAND
-122.15,37.72,31.0,1616.0,372.0,739.0,379.0,2.9097,210900.0,NEAR BAY
-118.18,34.14,38.0,3039.0,487.0,1131.0,465.0,7.7116,360900.0,<1H OCEAN
-122.02,37.34,30.0,1036.0,151.0,467.0,156.0,6.448,360600.0,<1H OCEAN
-118.62,34.15,26.0,5661.0,791.0,2493.0,780.0,7.9814,409900.0,<1H OCEAN
-120.43,36.18,29.0,579.0,116.0,218.0,99.0,2.1458,104200.0,INLAND
-122.82,38.64,29.0,2176.0,385.0,1117.0,374.0,3.8681,188600.0,<1H OCEAN
-117.13,32.73,52.0,1911.0,415.0,777.0,412.0,2.2429,221100.0,NEAR OCEAN
-118.34,33.76,34.0,5586.0,674.0,1871.0,636.0,15.0001,500001.0,NEAR OCEAN
-117.86,33.78,21.0,2713.0,731.0,1952.0,722.0,2.6959,178800.0,<1H OCEAN
-122.13,37.44,42.0,2390.0,462.0,1146.0,468.0,6.3111,397400.0,NEAR BAY
-121.87,37.27,18.0,3561.0,560.0,1753.0,553.0,5.0292,269400.0,<1H OCEAN
-117.19,34.03,20.0,856.0,124.0,395.0,145.0,10.8634,381800.0,INLAND
-117.42,34.0,32.0,1617.0,346.0,1153.0,385.0,3.016,96600.0,INLAND
-118.44,33.79,27.0,2141.0,260.0,635.0,240.0,11.6648,500001.0,NEAR OCEAN
-122.2,39.53,22.0,3265.0,658.0,1647.0,594.0,2.3566,71000.0,INLAND
-117.81,33.79,23.0,3114.0,610.0,2045.0,577.0,3.75,211900.0,<1H OCEAN
-117.36,33.88,15.0,2857.0,421.0,1361.0,382.0,4.6875,189800.0,INLAND
-122.04,37.53,25.0,4458.0,922.0,2998.0,890.0,3.9667,218500.0,NEAR BAY
-120.17,39.33,10.0,614.0,141.0,195.0,95.0,0.9283,116300.0,INLAND
-118.32,33.94,37.0,1487.0,296.0,863.0,291.0,3.1563,186200.0,<1H OCEAN
-118.13,33.76,46.0,2834.0,673.0,1175.0,670.0,4.7875,363800.0,NEAR OCEAN
-119.32,37.06,15.0,3111.0,651.0,276.0,107.0,5.1314,179200.0,INLAND
-119.08,35.34,16.0,1535.0,238.0,768.0,236.0,5.4449,118500.0,INLAND
-122.38,40.54,36.0,1216.0,240.0,647.0,228.0,2.6944,75300.0,INLAND
-118.16,33.84,36.0,2220.0,367.0,1002.0,351.0,5.0719,219500.0,<1H OCEAN
-117.81,33.75,23.0,3498.0,636.0,1574.0,642.0,5.021,252200.0,<1H OCEAN
-118.01,33.95,36.0,1579.0,290.0,816.0,276.0,4.4318,181100.0,<1H OCEAN
-122.19,37.46,34.0,5419.0,1183.0,2002.0,1138.0,4.1985,500001.0,NEAR BAY
-118.4,33.89,31.0,2926.0,492.0,1149.0,476.0,7.9611,500001.0,<1H OCEAN
-122.25,37.49,43.0,2607.0,477.0,1225.0,461.0,4.224,349600.0,NEAR OCEAN
-118.17,33.83,45.0,1808.0,315.0,800.0,302.0,4.8693,277700.0,NEAR OCEAN
-120.6,35.11,17.0,2495.0,524.0,1292.0,501.0,2.2625,153000.0,<1H OCEAN
-117.85,34.09,16.0,4556.0,639.0,2066.0,651.0,6.4667,263900.0,<1H OCEAN
-121.94,36.55,30.0,2722.0,584.0,628.0,384.0,3.4048,487100.0,NEAR OCEAN
-121.88,36.96,18.0,6355.0,1100.0,2304.0,972.0,6.0281,321100.0,NEAR OCEAN
-121.88,37.44,14.0,2073.0,343.0,1107.0,330.0,6.7093,311200.0,<1H OCEAN
-121.91,37.43,33.0,2791.0,496.0,1714.0,485.0,4.8304,224900.0,<1H OCEAN
-117.91,34.13,34.0,1540.0,328.0,1037.0,317.0,2.2132,138500.0,<1H OCEAN
-121.42,36.57,13.0,2685.0,621.0,2474.0,573.0,2.8775,134100.0,<1H OCEAN
-122.95,40.71,26.0,2231.0,421.0,987.0,364.0,2.4792,88800.0,INLAND
-118.31,33.94,40.0,1917.0,438.0,1021.0,383.0,2.2448,175000.0,<1H OCEAN
-118.09,34.12,38.0,1713.0,285.0,779.0,286.0,5.6152,359900.0,<1H OCEAN
-119.74,36.8,18.0,10862.0,2401.0,5466.0,2209.0,2.4678,74300.0,INLAND
-118.33,33.83,5.0,13038.0,2679.0,5272.0,2523.0,5.5023,286400.0,<1H OCEAN
-120.65,35.29,29.0,1785.0,481.0,1344.0,472.0,1.4492,222900.0,NEAR OCEAN
-118.48,34.21,25.0,2879.0,723.0,2077.0,649.0,3.3864,197400.0,<1H OCEAN
-122.27,37.85,47.0,1375.0,307.0,843.0,319.0,1.3785,142300.0,NEAR BAY
-117.08,33.01,5.0,5659.0,931.0,2565.0,902.0,6.1949,238700.0,<1H OCEAN
-118.26,34.1,48.0,2566.0,571.0,1421.0,563.0,3.6579,318600.0,<1H OCEAN
-122.06,37.89,21.0,4985.0,1590.0,2575.0,1458.0,3.1002,114300.0,NEAR BAY
-121.36,38.66,22.0,2878.0,599.0,1362.0,541.0,2.7955,96500.0,INLAND
-118.26,34.24,35.0,1535.0,283.0,816.0,287.0,6.1873,312100.0,<1H OCEAN
-117.22,32.75,24.0,3914.0,985.0,2147.0,874.0,2.9735,225000.0,NEAR OCEAN
-116.57,34.0,20.0,260.0,67.0,69.0,50.0,3.5208,76600.0,INLAND
-118.39,33.99,43.0,612.0,135.0,402.0,142.0,5.1322,314900.0,<1H OCEAN
-118.3,33.72,35.0,2790.0,,1167.0,441.0,6.2028,361500.0,NEAR OCEAN
-121.48,38.58,52.0,576.0,146.0,273.0,127.0,2.01,94300.0,INLAND
-116.48,33.8,15.0,3004.0,615.0,437.0,210.0,3.6667,90000.0,INLAND
-117.99,33.88,42.0,1461.0,302.0,986.0,314.0,3.9559,161100.0,<1H OCEAN
-119.83,36.83,14.0,2351.0,341.0,1128.0,363.0,6.9903,141200.0,INLAND
-122.22,37.47,35.0,367.0,113.0,398.0,109.0,2.5,166700.0,NEAR OCEAN
-116.93,32.85,15.0,3273.0,895.0,1872.0,842.0,2.5388,119000.0,<1H OCEAN
-121.38,38.66,17.0,3778.0,939.0,2393.0,862.0,1.8972,100500.0,INLAND
-121.96,37.03,17.0,1343.0,203.0,511.0,185.0,4.625,386400.0,NEAR OCEAN
-122.91,38.43,19.0,1968.0,350.0,852.0,308.0,4.6705,269800.0,<1H OCEAN
-118.25,34.22,34.0,2510.0,535.0,1516.0,542.0,3.8068,267000.0,<1H OCEAN
-120.51,37.29,20.0,4927.0,1042.0,4205.0,1009.0,1.7679,79800.0,INLAND
-119.74,36.71,17.0,5872.0,1250.0,5034.0,1224.0,2.1905,61800.0,INLAND
-118.35,34.05,52.0,1971.0,414.0,1065.0,409.0,3.6435,195800.0,<1H OCEAN
-117.83,33.79,29.0,1454.0,236.0,724.0,262.0,4.8542,218100.0,<1H OCEAN
-117.24,32.74,44.0,1488.0,259.0,667.0,281.0,4.0862,321800.0,NEAR OCEAN
-117.24,32.8,19.0,1863.0,497.0,868.0,503.0,2.288,210000.0,NEAR OCEAN
-117.24,33.95,11.0,6617.0,1118.0,3710.0,1087.0,4.7877,132600.0,INLAND
-117.33,34.13,30.0,2335.0,363.0,1214.0,311.0,2.2449,93200.0,INLAND
-117.88,33.85,34.0,1127.0,185.0,588.0,181.0,4.375,224700.0,<1H OCEAN
-121.88,37.32,38.0,1787.0,508.0,2113.0,530.0,2.6386,177600.0,<1H OCEAN
-122.27,37.9,52.0,2041.0,270.0,671.0,253.0,6.9414,417500.0,NEAR BAY
-117.86,33.74,32.0,691.0,151.0,926.0,148.0,4.125,175900.0,<1H OCEAN
-117.23,33.57,6.0,13724.0,2269.0,5860.0,1986.0,3.9617,183000.0,<1H OCEAN
-118.27,34.06,25.0,1714.0,1176.0,3723.0,1036.0,1.3241,112500.0,<1H OCEAN
-121.96,38.35,20.0,1415.0,266.0,667.0,250.0,4.0938,117300.0,INLAND
-118.16,34.71,27.0,6007.0,998.0,2680.0,882.0,4.1719,117200.0,INLAND
-118.08,34.01,34.0,1914.0,549.0,2122.0,529.0,2.5969,150200.0,<1H OCEAN
-122.25,40.6,16.0,2753.0,494.0,1414.0,459.0,3.8323,128300.0,INLAND
-117.25,34.14,19.0,5163.0,1229.0,2680.0,1141.0,2.2482,114500.0,INLAND
-121.82,38.46,10.0,6331.0,1181.0,3419.0,1110.0,3.7083,154800.0,INLAND
-118.31,34.26,34.0,1797.0,363.0,948.0,363.0,4.1339,187300.0,<1H OCEAN
-121.91,36.62,52.0,541.0,157.0,240.0,145.0,3.5865,290000.0,<1H OCEAN
-124.17,41.8,16.0,2739.0,480.0,1259.0,436.0,3.7557,109400.0,NEAR OCEAN
-122.59,38.58,18.0,3753.0,752.0,1454.0,668.0,3.7585,185700.0,<1H OCEAN
-122.03,37.36,28.0,2490.0,345.0,948.0,361.0,6.4913,411900.0,<1H OCEAN
-117.59,33.65,4.0,1793.0,390.0,897.0,386.0,4.2463,182800.0,<1H OCEAN
-121.46,38.54,39.0,1453.0,324.0,843.0,281.0,1.7692,63900.0,INLAND
-122.12,37.68,40.0,1553.0,253.0,724.0,267.0,4.38,196400.0,NEAR BAY
-116.88,34.08,52.0,3419.0,777.0,710.0,265.0,3.9028,128600.0,INLAND
-117.29,35.54,35.0,7922.0,1636.0,3431.0,1329.0,3.4145,40400.0,INLAND
-122.22,38.1,44.0,3013.0,563.0,1353.0,512.0,3.4559,111900.0,NEAR BAY
-121.17,38.69,5.0,7138.0,1227.0,2623.0,1139.0,5.6902,243200.0,INLAND
-118.29,34.07,26.0,2302.0,1124.0,2660.0,1004.0,2.3567,253100.0,<1H OCEAN
-118.08,33.84,31.0,2377.0,600.0,2042.0,593.0,3.625,170400.0,<1H OCEAN
-122.0,38.25,7.0,11768.0,1893.0,6657.0,1874.0,4.9222,142900.0,INLAND
-121.79,37.34,20.0,2018.0,328.0,1196.0,323.0,4.9318,262400.0,<1H OCEAN
-118.0,33.88,18.0,2628.0,720.0,2276.0,649.0,2.735,170800.0,<1H OCEAN
-117.76,33.7,12.0,4025.0,574.0,2042.0,588.0,7.9125,344900.0,<1H OCEAN
-117.22,32.81,24.0,730.0,196.0,335.0,203.0,3.5078,362500.0,NEAR OCEAN
-117.78,33.68,11.0,1994.0,477.0,849.0,411.0,4.0187,235600.0,<1H OCEAN
-122.41,37.76,52.0,2479.0,515.0,1816.0,496.0,3.0774,300000.0,NEAR BAY
-117.79,33.55,39.0,5066.0,1292.0,1915.0,1117.0,3.821,452100.0,<1H OCEAN
-118.3,33.95,35.0,1182.0,305.0,977.0,283.0,1.5898,94000.0,<1H OCEAN
-117.93,33.84,26.0,2811.0,612.0,1374.0,566.0,3.475,282500.0,<1H OCEAN
-119.83,34.44,26.0,1739.0,402.0,599.0,368.0,3.0875,198400.0,NEAR OCEAN
-121.97,37.56,13.0,8918.0,1823.0,4518.0,1772.0,4.8052,254000.0,<1H OCEAN
-119.57,36.7,30.0,2370.0,412.0,1248.0,410.0,3.1442,72300.0,INLAND
-121.79,36.85,28.0,1049.0,235.0,705.0,208.0,2.7321,150000.0,NEAR OCEAN
-119.18,34.21,46.0,2062.0,484.0,1522.0,469.0,3.087,213900.0,NEAR OCEAN
-117.66,33.63,16.0,3299.0,610.0,1967.0,604.0,5.5085,223300.0,<1H OCEAN
-117.95,34.05,34.0,1428.0,227.0,890.0,249.0,5.8722,204800.0,<1H OCEAN
-116.39,33.69,10.0,11659.0,2007.0,2186.0,1083.0,6.9833,238800.0,INLAND
-118.06,34.15,37.0,1980.0,226.0,697.0,226.0,15.0001,500001.0,INLAND
-122.44,37.75,46.0,1519.0,291.0,573.0,289.0,4.2667,338800.0,NEAR BAY
-118.42,34.06,44.0,533.0,90.0,291.0,97.0,10.8045,500001.0,<1H OCEAN
-117.62,34.08,22.0,2626.0,631.0,1678.0,557.0,3.125,111800.0,INLAND
-122.61,38.25,18.0,2915.0,418.0,1340.0,421.0,5.2452,204900.0,<1H OCEAN
-118.02,34.1,36.0,1928.0,361.0,1008.0,368.0,4.733,233700.0,INLAND
-119.75,36.76,29.0,2077.0,524.0,1887.0,489.0,1.4107,59800.0,INLAND
-117.31,34.11,52.0,851.0,190.0,731.0,190.0,1.9044,64900.0,INLAND
-121.83,37.37,43.0,821.0,149.0,370.0,135.0,4.25,209100.0,<1H OCEAN
-121.01,37.33,17.0,1926.0,410.0,1054.0,321.0,1.6214,71500.0,INLAND
-117.91,33.83,9.0,1160.0,368.0,735.0,325.0,1.119,175000.0,<1H OCEAN
-122.41,37.76,52.0,2605.0,678.0,2071.0,611.0,3.2964,265000.0,NEAR BAY
-118.34,33.98,47.0,2649.0,684.0,2374.0,607.0,2.3882,137700.0,<1H OCEAN
-117.25,33.05,16.0,2794.0,476.0,1387.0,442.0,4.3286,213400.0,NEAR OCEAN
-118.21,33.93,30.0,2831.0,862.0,3649.0,883.0,1.9668,152100.0,<1H OCEAN
-120.84,35.33,15.0,3276.0,670.0,1520.0,613.0,3.6412,207800.0,NEAR OCEAN
-119.03,36.08,19.0,2471.0,431.0,1040.0,426.0,3.25,80600.0,INLAND
-118.35,34.03,35.0,1438.0,333.0,794.0,306.0,1.975,138100.0,<1H OCEAN
-121.52,38.5,19.0,4900.0,805.0,2519.0,855.0,4.8497,184400.0,INLAND
-118.19,34.21,41.0,1602.0,228.0,680.0,225.0,6.553,500001.0,<1H OCEAN
-118.21,33.97,43.0,1751.0,400.0,1558.0,379.0,3.0313,166100.0,<1H OCEAN
-122.34,40.57,24.0,1610.0,307.0,748.0,307.0,2.6591,82800.0,INLAND
-117.37,34.0,36.0,730.0,155.0,476.0,142.0,2.4306,88900.0,INLAND
-117.2,34.12,24.0,3532.0,618.0,1681.0,590.0,3.5,113900.0,INLAND
-117.12,32.96,15.0,2869.0,405.0,1526.0,402.0,6.0175,238300.0,<1H OCEAN
-118.43,34.3,37.0,1394.0,313.0,1111.0,327.0,3.6023,161800.0,<1H OCEAN
-120.04,39.27,24.0,2237.0,491.0,264.0,95.0,4.1364,154500.0,INLAND
-123.5,39.67,22.0,2124.0,450.0,1122.0,446.0,2.1793,71500.0,INLAND
-119.68,36.31,12.0,2739.0,535.0,1859.0,498.0,2.9936,60600.0,INLAND
-117.09,32.56,8.0,864.0,156.0,626.0,172.0,4.8984,151500.0,NEAR OCEAN
-118.74,34.26,27.0,3467.0,545.0,1798.0,493.0,4.8717,204100.0,<1H OCEAN
-118.4,34.0,37.0,1534.0,258.0,751.0,259.0,5.444,336000.0,<1H OCEAN
-120.64,34.97,5.0,2090.0,469.0,1911.0,482.0,2.4318,86100.0,NEAR OCEAN
-122.26,38.1,30.0,3317.0,1058.0,1794.0,990.0,1.1835,133300.0,NEAR BAY
-118.47,34.05,25.0,2689.0,719.0,1229.0,663.0,3.5909,500001.0,<1H OCEAN
-117.09,32.65,20.0,1445.0,323.0,573.0,334.0,2.619,145800.0,NEAR OCEAN
-122.26,37.8,36.0,5329.0,2477.0,3469.0,2323.0,2.0096,130000.0,NEAR BAY
-122.0,38.73,31.0,371.0,74.0,208.0,84.0,3.875,137500.0,INLAND
-122.42,37.78,26.0,812.0,507.0,628.0,445.0,2.3304,500001.0,NEAR BAY
-116.36,33.78,6.0,24121.0,4522.0,4176.0,2221.0,3.3799,239300.0,INLAND
-117.11,32.74,25.0,2846.0,644.0,2272.0,632.0,2.2,98700.0,NEAR OCEAN
-117.13,32.72,17.0,1285.0,423.0,1208.0,409.0,1.758,126600.0,NEAR OCEAN
-121.95,36.59,22.0,3553.0,530.0,1108.0,441.0,5.8505,417100.0,NEAR OCEAN
-122.08,38.3,2.0,6718.0,858.0,2012.0,654.0,6.8872,305200.0,INLAND
-118.64,34.25,47.0,1315.0,290.0,581.0,268.0,5.4024,253000.0,<1H OCEAN
-117.87,34.06,25.0,3652.0,470.0,1525.0,484.0,10.1248,428500.0,<1H OCEAN
-116.62,32.86,18.0,4115.0,847.0,2032.0,745.0,4.0159,169100.0,<1H OCEAN
-122.34,37.59,44.0,1395.0,269.0,736.0,288.0,5.6206,386400.0,NEAR OCEAN
-118.3,33.8,8.0,1115.0,412.0,1472.0,396.0,3.1392,146200.0,<1H OCEAN
-118.34,34.09,14.0,3032.0,999.0,1691.0,841.0,2.2,210000.0,<1H OCEAN
-117.04,32.73,36.0,2084.0,400.0,1097.0,398.0,3.2717,130700.0,NEAR OCEAN
-120.43,35.17,16.0,947.0,163.0,477.0,137.0,3.851,315000.0,<1H OCEAN
-117.12,32.9,13.0,1743.0,363.0,854.0,353.0,4.6667,138200.0,<1H OCEAN
-119.46,36.91,12.0,2980.0,495.0,1184.0,429.0,3.9141,123900.0,INLAND
-121.88,38.0,22.0,721.0,117.0,367.0,129.0,5.3098,151900.0,INLAND
-118.02,33.96,36.0,2071.0,398.0,988.0,404.0,4.6226,219700.0,<1H OCEAN
-122.01,36.99,28.0,1321.0,240.0,652.0,239.0,4.9808,263100.0,NEAR OCEAN
-118.35,34.05,33.0,2880.0,836.0,1416.0,736.0,2.6781,328800.0,<1H OCEAN
-119.27,34.27,44.0,1312.0,279.0,668.0,278.0,4.09,203800.0,NEAR OCEAN
-123.22,40.54,27.0,1573.0,361.0,847.0,330.0,1.9034,49600.0,INLAND
-121.88,37.41,23.0,3224.0,652.0,2183.0,655.0,4.3807,226900.0,<1H OCEAN
-121.06,37.7,7.0,9374.0,1847.0,4827.0,1722.0,3.462,151900.0,INLAND
-118.51,34.2,33.0,2327.0,479.0,1166.0,472.0,4.2344,262500.0,<1H OCEAN
-120.87,39.18,25.0,2691.0,598.0,964.0,373.0,3.9196,142700.0,INLAND
-119.33,36.28,16.0,2624.0,527.0,1077.0,520.0,2.125,104200.0,INLAND
-118.19,34.06,44.0,1734.0,364.0,1133.0,351.0,2.5132,163100.0,<1H OCEAN
-122.1,40.03,25.0,2516.0,,1266.0,494.0,1.7566,58400.0,INLAND
-119.69,34.41,44.0,1208.0,357.0,603.0,297.0,2.6103,500000.0,<1H OCEAN
-121.91,37.25,31.0,1944.0,343.0,975.0,334.0,4.9205,240500.0,<1H OCEAN
-119.69,34.44,41.0,1989.0,271.0,666.0,269.0,6.8406,500001.0,<1H OCEAN
-122.45,38.51,18.0,1297.0,337.0,610.0,312.0,1.9441,184400.0,INLAND
-119.84,36.75,34.0,1186.0,300.0,774.0,271.0,1.575,57100.0,INLAND
-118.35,33.82,28.0,7591.0,1710.0,3420.0,1635.0,4.0708,328900.0,<1H OCEAN
-118.57,34.17,31.0,1950.0,383.0,870.0,357.0,3.1875,500001.0,<1H OCEAN
-121.63,39.18,13.0,1907.0,347.0,821.0,367.0,2.0978,134000.0,INLAND
-120.44,34.96,39.0,1228.0,379.0,851.0,341.0,1.899,113300.0,<1H OCEAN
-116.94,32.78,17.0,13559.0,2656.0,6990.0,2533.0,3.434,193200.0,<1H OCEAN
-117.8,34.1,13.0,2996.0,495.0,1187.0,464.0,6.2456,161700.0,INLAND
-117.88,33.63,21.0,9565.0,2289.0,3162.0,1831.0,4.7024,345400.0,<1H OCEAN
-117.79,34.02,5.0,18690.0,2862.0,9427.0,2777.0,6.4266,315600.0,<1H OCEAN
-118.05,33.94,34.0,495.0,120.0,527.0,130.0,1.9453,149000.0,<1H OCEAN
-119.71,34.4,36.0,1846.0,358.0,748.0,329.0,4.2283,326800.0,NEAR OCEAN
-118.16,33.91,35.0,1403.0,338.0,1415.0,367.0,3.0967,144000.0,<1H OCEAN
-119.77,36.86,7.0,4139.0,544.0,1843.0,562.0,8.2737,193500.0,INLAND
-118.21,33.96,43.0,1686.0,446.0,1590.0,474.0,2.3241,159300.0,<1H OCEAN
-119.74,36.75,47.0,2236.0,418.0,1042.0,397.0,2.9545,59600.0,INLAND
-122.17,37.73,43.0,1473.0,371.0,1231.0,341.0,2.1587,86500.0,NEAR BAY
-121.84,37.28,18.0,2749.0,633.0,1779.0,561.0,3.925,166100.0,<1H OCEAN
-118.25,34.14,13.0,3487.0,1131.0,3749.0,1072.0,2.1602,221900.0,<1H OCEAN
-120.92,37.63,39.0,45.0,8.0,22.0,9.0,1.7679,450000.0,INLAND
-121.22,38.68,10.0,6262.0,1278.0,2954.0,1169.0,3.4506,139000.0,INLAND
-118.27,34.07,32.0,1657.0,579.0,2071.0,598.0,2.1135,152500.0,<1H OCEAN
-119.63,34.44,37.0,3188.0,442.0,984.0,376.0,9.4522,500001.0,<1H OCEAN
-118.03,34.58,4.0,9849.0,1780.0,4546.0,1598.0,4.0729,154300.0,INLAND
-118.4,33.96,44.0,1138.0,228.0,497.0,228.0,4.1852,303300.0,<1H OCEAN
-121.09,39.23,35.0,2637.0,511.0,1181.0,480.0,2.7813,109200.0,INLAND
-118.32,34.04,39.0,2965.0,812.0,2638.0,794.0,2.532,172700.0,<1H OCEAN
-119.8,37.5,15.0,989.0,184.0,406.0,151.0,3.1771,121900.0,INLAND
-117.75,34.05,35.0,1293.0,339.0,1494.0,312.0,1.6645,93300.0,INLAND
-117.17,33.83,7.0,77.0,12.0,64.0,15.0,4.6,187500.0,INLAND
-122.67,38.33,4.0,8072.0,1606.0,4323.0,1475.0,3.9518,220300.0,<1H OCEAN
-122.83,38.89,11.0,640.0,134.0,268.0,90.0,3.4514,100000.0,<1H OCEAN
-118.38,34.06,29.0,3946.0,1008.0,1676.0,876.0,2.7824,450000.0,<1H OCEAN
-122.03,36.96,40.0,584.0,126.0,316.0,139.0,3.5938,243500.0,NEAR OCEAN
-117.84,33.75,16.0,4367.0,1161.0,2164.0,1005.0,4.0214,139500.0,<1H OCEAN
-120.94,39.05,8.0,3758.0,717.0,1744.0,661.0,3.1972,151500.0,INLAND
-118.25,34.09,52.0,2050.0,429.0,957.0,418.0,3.5603,210000.0,<1H OCEAN
-122.18,37.86,33.0,4449.0,636.0,1684.0,617.0,8.9571,399700.0,NEAR BAY
-118.03,33.91,35.0,2323.0,406.0,1741.0,398.0,4.2437,164100.0,<1H OCEAN
-121.38,38.61,27.0,2375.0,537.0,863.0,452.0,3.0086,126900.0,INLAND
-118.12,33.75,41.0,2072.0,491.0,742.0,414.0,3.9934,500001.0,NEAR OCEAN
-118.32,33.95,44.0,2131.0,360.0,1040.0,330.0,5.0912,169800.0,<1H OCEAN
-118.02,33.83,16.0,1139.0,328.0,665.0,290.0,3.2933,260000.0,<1H OCEAN
-120.99,37.65,44.0,2848.0,623.0,1408.0,576.0,2.1487,86600.0,INLAND
-122.0,37.34,31.0,3344.0,620.0,1604.0,572.0,5.2108,351500.0,<1H OCEAN
-122.35,40.68,36.0,1822.0,449.0,930.0,399.0,1.3801,56600.0,INLAND
-118.49,34.16,37.0,3333.0,488.0,1171.0,485.0,6.4958,500001.0,<1H OCEAN
-117.87,34.04,7.0,27700.0,4179.0,15037.0,4072.0,6.6288,339700.0,<1H OCEAN
-117.01,32.99,8.0,3372.0,430.0,1536.0,448.0,8.4284,378300.0,<1H OCEAN
-118.05,33.65,5.0,7017.0,935.0,2427.0,867.0,10.1154,477700.0,NEAR OCEAN
-118.27,33.99,30.0,504.0,140.0,529.0,123.0,1.9531,100000.0,<1H OCEAN
-116.46,33.78,33.0,2565.0,745.0,2301.0,638.0,2.5477,83000.0,INLAND
-120.01,38.91,27.0,968.0,191.0,283.0,143.0,2.0938,94400.0,INLAND
-118.16,33.77,38.0,3235.0,769.0,1284.0,752.0,2.9384,304100.0,NEAR OCEAN
-117.65,34.08,40.0,1609.0,258.0,624.0,242.0,5.4689,158200.0,INLAND
-122.0,38.36,34.0,1502.0,282.0,860.0,297.0,3.3438,135600.0,INLAND
-121.74,38.15,22.0,1910.0,326.0,1001.0,345.0,4.8173,115800.0,INLAND
-122.06,37.38,20.0,3401.0,768.0,1497.0,747.0,4.2188,500001.0,NEAR BAY
-117.68,35.62,30.0,2994.0,741.0,1481.0,581.0,2.1458,52400.0,INLAND
-121.32,38.62,33.0,898.0,190.0,470.0,201.0,2.6897,148300.0,INLAND
-116.25,33.75,33.0,278.0,91.0,375.0,81.0,2.025,50000.0,INLAND
-118.16,34.04,38.0,1076.0,286.0,1535.0,323.0,2.7026,145000.0,<1H OCEAN
-121.65,40.88,15.0,2909.0,549.0,1537.0,522.0,3.0179,61300.0,INLAND
-116.89,33.92,10.0,2653.0,621.0,1967.0,598.0,2.6643,81000.0,INLAND
-117.24,32.85,18.0,3117.0,475.0,904.0,368.0,6.7587,388500.0,NEAR OCEAN
-117.07,33.01,5.0,5870.0,977.0,1917.0,842.0,5.1998,294100.0,<1H OCEAN
-121.87,37.25,4.0,2498.0,775.0,1213.0,631.0,3.7844,183900.0,<1H OCEAN
-116.95,33.31,16.0,2921.0,639.0,1838.0,540.0,2.2393,117000.0,<1H OCEAN
-117.75,33.71,15.0,2849.0,537.0,878.0,520.0,3.2841,158300.0,<1H OCEAN
-118.41,33.89,31.0,1428.0,320.0,677.0,331.0,7.2316,500001.0,<1H OCEAN
-118.18,34.1,10.0,1940.0,445.0,763.0,412.0,4.975,166700.0,<1H OCEAN
-123.81,39.34,17.0,1981.0,371.0,773.0,325.0,3.1563,277000.0,<1H OCEAN
-121.71,39.25,37.0,1871.0,321.0,806.0,294.0,4.0,101400.0,INLAND
-122.56,37.97,52.0,1833.0,324.0,735.0,306.0,4.6944,398900.0,NEAR BAY
-116.96,33.62,8.0,1003.0,167.0,388.0,140.0,4.2917,221900.0,INLAND
-118.5,34.2,34.0,1617.0,344.0,938.0,305.0,3.915,217700.0,<1H OCEAN
-118.7,34.3,23.0,2831.0,406.0,1284.0,393.0,6.1383,244100.0,<1H OCEAN
-120.94,37.4,32.0,1175.0,208.0,774.0,222.0,3.0,109400.0,INLAND
-121.61,39.13,33.0,2559.0,539.0,1583.0,504.0,1.4727,53000.0,INLAND
-117.91,34.1,35.0,2746.0,478.0,1779.0,501.0,4.25,166700.0,<1H OCEAN
-122.01,39.74,20.0,2332.0,518.0,1856.0,495.0,2.1746,58700.0,INLAND
-122.66,38.45,26.0,2081.0,339.0,906.0,323.0,4.4375,293500.0,<1H OCEAN
-120.48,39.78,11.0,513.0,104.0,204.0,86.0,2.375,100000.0,INLAND
-117.91,34.12,33.0,1391.0,309.0,1038.0,298.0,4.1944,149500.0,<1H OCEAN
-118.17,33.98,41.0,428.0,111.0,585.0,139.0,3.1786,132100.0,<1H OCEAN
-118.01,33.92,34.0,4039.0,694.0,2269.0,663.0,5.2305,205100.0,<1H OCEAN
-118.18,33.9,32.0,1452.0,365.0,1888.0,366.0,3.5461,146400.0,<1H OCEAN
-118.18,37.35,16.0,3806.0,794.0,1501.0,714.0,2.1212,108300.0,INLAND
-117.97,34.05,34.0,2050.0,495.0,1832.0,465.0,2.8333,155700.0,<1H OCEAN
-118.12,34.07,43.0,1050.0,252.0,820.0,244.0,2.025,215600.0,<1H OCEAN
-117.01,32.71,20.0,3506.0,692.0,1977.0,668.0,2.981,129100.0,NEAR OCEAN
-121.94,37.24,19.0,1741.0,294.0,632.0,279.0,5.5944,290500.0,<1H OCEAN
-117.52,33.99,14.0,13562.0,2057.0,7600.0,2086.0,5.2759,182900.0,INLAND
-121.84,36.25,20.0,958.0,245.0,590.0,189.0,2.6094,362500.0,NEAR OCEAN
-117.85,33.86,18.0,329.0,72.0,209.0,71.0,4.6806,187500.0,<1H OCEAN
-121.45,38.57,48.0,1962.0,356.0,704.0,362.0,3.5313,147900.0,INLAND
-121.2,38.69,26.0,3077.0,607.0,1603.0,595.0,2.7174,137500.0,INLAND
-118.39,33.97,38.0,993.0,175.0,374.0,180.0,6.2673,357200.0,<1H OCEAN
-121.96,37.33,35.0,2294.0,411.0,1054.0,449.0,4.0667,276900.0,<1H OCEAN
-119.05,35.36,16.0,4507.0,1049.0,2261.0,959.0,3.3261,118400.0,INLAND
-121.0,37.64,52.0,530.0,177.0,325.0,158.0,1.1875,90600.0,INLAND
-121.76,41.5,31.0,602.0,153.0,112.0,47.0,1.0667,34200.0,INLAND
-117.19,34.08,22.0,2467.0,555.0,1567.0,494.0,2.6536,84700.0,INLAND
-122.3,37.55,35.0,3675.0,735.0,1930.0,715.0,3.9833,342800.0,NEAR OCEAN
-122.42,37.79,6.0,670.0,301.0,655.0,284.0,3.4423,117500.0,NEAR BAY
-118.0,33.9,35.0,1758.0,309.0,972.0,338.0,4.3831,209800.0,<1H OCEAN
-117.16,32.79,32.0,1731.0,413.0,1569.0,427.0,3.3375,154300.0,NEAR OCEAN
-121.87,37.34,52.0,1087.0,166.0,650.0,194.0,6.6345,309000.0,<1H OCEAN
-118.31,34.1,33.0,766.0,347.0,918.0,305.0,1.705,350000.0,<1H OCEAN
-118.22,33.79,48.0,143.0,41.0,222.0,50.0,1.7,104200.0,NEAR OCEAN
-122.25,37.82,32.0,3809.0,1098.0,1806.0,1022.0,2.6429,218500.0,NEAR BAY
-122.47,37.85,19.0,1926.0,593.0,881.0,546.0,2.9145,140400.0,NEAR BAY
-122.13,38.01,48.0,2123.0,494.0,859.0,474.0,1.8523,144800.0,NEAR BAY
-118.56,34.42,2.0,966.0,270.0,233.0,169.0,1.9667,450000.0,<1H OCEAN
-121.83,36.98,19.0,4431.0,705.0,1764.0,679.0,4.3321,298600.0,<1H OCEAN
-122.55,37.59,31.0,1331.0,245.0,598.0,225.0,4.1827,345500.0,NEAR OCEAN
-117.18,33.51,13.0,270.0,42.0,120.0,42.0,6.993,500001.0,<1H OCEAN
-119.25,34.21,12.0,15201.0,2418.0,7132.0,2251.0,5.6756,301800.0,NEAR OCEAN
-119.27,34.28,52.0,2239.0,420.0,941.0,397.0,4.125,349000.0,NEAR OCEAN
-119.01,35.39,29.0,1820.0,459.0,1134.0,419.0,1.8289,59400.0,INLAND
-117.04,32.68,9.0,3087.0,609.0,1530.0,556.0,3.775,125000.0,NEAR OCEAN
-117.22,32.75,26.0,617.0,112.0,251.0,110.0,3.8036,162000.0,NEAR OCEAN
-121.85,37.26,16.0,1816.0,241.0,793.0,234.0,6.8194,291200.0,<1H OCEAN
-119.73,36.72,26.0,2645.0,1005.0,1660.0,991.0,0.6991,89500.0,INLAND
-117.8,33.68,14.0,2635.0,516.0,1150.0,499.0,4.4391,306700.0,<1H OCEAN
-121.0,37.64,43.0,311.0,95.0,293.0,94.0,1.2902,67500.0,INLAND
-117.99,33.81,23.0,3284.0,795.0,3257.0,758.0,2.4526,182900.0,<1H OCEAN
-118.11,33.94,36.0,1949.0,319.0,909.0,325.0,5.1587,296600.0,<1H OCEAN
-122.02,37.28,25.0,3437.0,428.0,1198.0,411.0,9.3464,500001.0,<1H OCEAN
-117.89,33.87,32.0,1133.0,216.0,693.0,228.0,3.3594,202100.0,<1H OCEAN
-122.06,37.38,21.0,1798.0,399.0,837.0,410.0,5.6999,470000.0,NEAR BAY
-121.46,38.66,3.0,3438.0,603.0,1602.0,554.0,3.9914,120500.0,INLAND
-117.74,34.05,27.0,852.0,237.0,1024.0,221.0,2.1141,110900.0,INLAND
-122.85,38.52,13.0,4808.0,848.0,2568.0,762.0,3.6583,183200.0,<1H OCEAN
-119.07,35.42,19.0,3889.0,832.0,1872.0,731.0,2.6812,107600.0,INLAND
-120.95,37.59,43.0,1561.0,354.0,862.0,332.0,1.8466,81500.0,INLAND
-122.49,38.32,30.0,1631.0,284.0,788.0,284.0,3.3098,195500.0,<1H OCEAN
-119.02,35.36,47.0,1631.0,340.0,847.0,315.0,2.5062,73700.0,INLAND
-118.37,34.21,36.0,1392.0,326.0,1181.0,303.0,3.1563,176400.0,<1H OCEAN
-118.36,34.08,52.0,1965.0,480.0,794.0,451.0,3.2824,304800.0,<1H OCEAN
-117.12,32.75,13.0,2795.0,773.0,1869.0,690.0,2.1767,101800.0,NEAR OCEAN
-118.43,33.96,13.0,1860.0,345.0,800.0,355.0,5.8864,500001.0,<1H OCEAN
-121.09,38.03,21.0,2064.0,342.0,1021.0,359.0,4.517,152200.0,INLAND
-115.49,32.87,19.0,541.0,104.0,457.0,106.0,3.3583,102800.0,INLAND
-121.39,38.61,36.0,2396.0,536.0,1225.0,515.0,2.9559,136600.0,INLAND
-121.68,39.29,29.0,1860.0,400.0,1137.0,365.0,1.5281,61600.0,INLAND
-122.4,38.34,33.0,1408.0,273.0,520.0,212.0,3.5781,242500.0,<1H OCEAN
-120.63,37.36,16.0,1605.0,282.0,866.0,284.0,4.0694,110200.0,INLAND
-122.32,37.52,26.0,4042.0,591.0,1611.0,578.0,8.4693,419200.0,NEAR OCEAN
-122.34,37.56,39.0,3562.0,391.0,1139.0,391.0,12.6417,500001.0,NEAR OCEAN
-118.36,33.98,29.0,2861.0,816.0,1715.0,775.0,2.7712,160900.0,<1H OCEAN
-119.5,36.74,20.0,1089.0,208.0,531.0,212.0,4.5938,106900.0,INLAND
-119.12,36.05,27.0,1575.0,321.0,1063.0,317.0,2.1477,53900.0,INLAND
-118.26,34.05,52.0,58.0,52.0,41.0,27.0,4.0972,500001.0,<1H OCEAN
-118.24,33.96,37.0,1602.0,388.0,1553.0,342.0,2.0655,93400.0,<1H OCEAN
-116.22,33.73,38.0,1695.0,352.0,1279.0,305.0,2.1217,68500.0,INLAND
-118.1,33.83,36.0,2000.0,343.0,956.0,352.0,5.3735,234400.0,<1H OCEAN
-118.15,33.93,25.0,1948.0,433.0,1128.0,429.0,3.7614,255900.0,<1H OCEAN
-118.2,33.96,41.0,1512.0,400.0,1690.0,367.0,3.055,167000.0,<1H OCEAN
-119.03,35.32,12.0,2721.0,549.0,1294.0,523.0,2.5575,100200.0,INLAND
-116.46,33.82,6.0,4863.0,920.0,3010.0,828.0,3.9508,104200.0,INLAND
-117.65,33.4,17.0,2737.0,654.0,910.0,492.0,3.5729,370800.0,NEAR OCEAN
-118.47,33.99,37.0,2155.0,721.0,1082.0,637.0,3.4071,267500.0,<1H OCEAN
-121.98,37.8,16.0,2498.0,330.0,1027.0,343.0,8.155,343700.0,<1H OCEAN
-120.46,37.33,4.0,786.0,116.0,368.0,109.0,6.3215,138200.0,INLAND
-116.95,32.77,25.0,3308.0,421.0,1201.0,414.0,6.3191,303400.0,<1H OCEAN
-122.13,37.4,29.0,6027.0,1195.0,2687.0,1171.0,5.1335,461200.0,NEAR BAY
-122.17,37.75,48.0,1751.0,390.0,935.0,349.0,1.4375,90000.0,NEAR BAY
-118.24,34.11,50.0,2141.0,451.0,1777.0,426.0,2.7679,178800.0,<1H OCEAN
-119.14,34.15,25.0,2202.0,390.0,1415.0,412.0,4.43,207700.0,NEAR OCEAN
-117.02,32.81,26.0,1998.0,301.0,874.0,305.0,5.4544,180900.0,<1H OCEAN
-117.61,34.02,8.0,63.0,9.0,25.0,7.0,7.7197,275000.0,INLAND
-117.87,33.74,31.0,2338.0,652.0,3289.0,631.0,2.6734,158500.0,<1H OCEAN
-118.44,34.2,28.0,1732.0,435.0,1198.0,417.0,2.9219,241300.0,<1H OCEAN
-117.89,33.78,16.0,6352.0,1747.0,5085.0,1649.0,2.8835,193800.0,<1H OCEAN
-117.62,33.43,27.0,1835.0,413.0,1221.0,377.0,3.2232,247100.0,NEAR OCEAN
-118.19,33.99,38.0,1212.0,272.0,1129.0,263.0,2.6673,142300.0,<1H OCEAN
-121.92,36.62,52.0,1410.0,303.0,578.0,285.0,2.5625,235400.0,NEAR OCEAN
-121.8,39.75,11.0,7212.0,1355.0,3264.0,1264.0,3.1125,122600.0,INLAND
-122.17,38.07,15.0,2125.0,278.0,857.0,272.0,6.4599,219700.0,NEAR BAY
-122.31,37.53,39.0,1160.0,191.0,508.0,185.0,5.9539,379100.0,NEAR OCEAN
-116.72,33.56,13.0,3166.0,682.0,1250.0,475.0,2.355,122900.0,INLAND
-118.32,33.8,29.0,4317.0,1037.0,2102.0,959.0,3.1275,286400.0,<1H OCEAN
-118.43,34.28,27.0,862.0,280.0,1243.0,267.0,2.3724,154200.0,<1H OCEAN
-121.92,36.57,42.0,3944.0,738.0,1374.0,598.0,4.174,394400.0,NEAR OCEAN
-122.69,38.34,23.0,2846.0,516.0,1526.0,492.0,3.733,163500.0,<1H OCEAN
-121.54,38.54,36.0,1672.0,302.0,969.0,337.0,3.0536,73100.0,INLAND
-124.15,40.81,50.0,340.0,74.0,235.0,83.0,1.75,67500.0,NEAR OCEAN
-120.69,35.62,35.0,3451.0,713.0,1550.0,653.0,2.9167,161700.0,<1H OCEAN
-121.55,39.06,25.0,1332.0,247.0,726.0,226.0,2.25,63400.0,INLAND
-116.91,32.86,15.0,3153.0,628.0,1633.0,527.0,3.6898,131000.0,<1H OCEAN
-121.28,37.95,46.0,1026.0,330.0,1109.0,333.0,1.2904,63300.0,INLAND
-122.44,37.79,52.0,3640.0,840.0,1525.0,796.0,4.4375,500001.0,NEAR BAY
-117.71,34.09,36.0,2637.0,476.0,1385.0,483.0,4.1739,158700.0,INLAND
-118.34,34.1,29.0,3193.0,1452.0,2039.0,1265.0,1.8209,500001.0,<1H OCEAN
-121.93,38.01,9.0,2294.0,389.0,1142.0,365.0,5.3363,160800.0,INLAND
-119.02,35.42,40.0,1089.0,226.0,520.0,218.0,2.2727,67200.0,INLAND
-122.14,37.48,36.0,1210.0,236.0,981.0,239.0,4.0039,148900.0,NEAR BAY
-122.19,37.44,39.0,4402.0,618.0,1616.0,631.0,8.9955,500001.0,NEAR OCEAN
-119.89,34.44,25.0,3160.0,507.0,1514.0,523.0,5.0767,271200.0,NEAR OCEAN
-118.58,34.19,35.0,2329.0,399.0,966.0,336.0,3.8839,224900.0,<1H OCEAN
-121.47,38.95,34.0,2129.0,350.0,969.0,314.0,2.7039,106300.0,INLAND
-118.42,34.26,26.0,1788.0,521.0,2582.0,484.0,2.1062,136400.0,<1H OCEAN
-121.26,38.67,18.0,1830.0,313.0,905.0,361.0,4.2273,141800.0,INLAND
-118.03,34.01,10.0,6531.0,1036.0,2975.0,1018.0,6.2319,403700.0,<1H OCEAN
-117.88,33.9,21.0,3180.0,434.0,1413.0,391.0,6.5945,277300.0,<1H OCEAN
-121.98,37.37,35.0,995.0,202.0,615.0,199.0,5.0942,217500.0,<1H OCEAN
-122.33,37.94,43.0,1876.0,389.0,807.0,377.0,3.1571,141600.0,NEAR BAY
-117.6,33.98,26.0,1225.0,199.0,717.0,204.0,2.7284,225000.0,INLAND
-117.39,34.11,5.0,2987.0,457.0,1821.0,485.0,4.8889,138900.0,INLAND
-118.16,33.96,24.0,1635.0,507.0,2480.0,481.0,2.4432,187500.0,<1H OCEAN
-121.46,38.61,43.0,705.0,178.0,464.0,159.0,2.4205,60900.0,INLAND
-118.09,33.77,26.0,1388.0,409.0,515.0,392.0,1.8015,62000.0,<1H OCEAN
-121.21,38.66,15.0,6940.0,1019.0,2829.0,990.0,5.4889,232300.0,INLAND
-118.92,35.47,6.0,1755.0,280.0,664.0,254.0,6.2885,216400.0,INLAND
-122.29,38.3,52.0,1219.0,288.0,847.0,283.0,1.6691,183300.0,NEAR BAY
-118.42,34.12,27.0,2089.0,303.0,654.0,270.0,12.3767,500001.0,<1H OCEAN
-122.7,38.35,14.0,1555.0,369.0,493.0,335.0,1.6033,67500.0,<1H OCEAN
-117.86,33.74,34.0,2254.0,630.0,2984.0,625.0,2.5,162500.0,<1H OCEAN
-120.7,35.76,15.0,1914.0,425.0,1130.0,421.0,2.2165,90600.0,<1H OCEAN
-118.04,34.04,32.0,1619.0,323.0,1492.0,342.0,3.5,165100.0,<1H OCEAN
-121.43,38.58,35.0,5298.0,954.0,1933.0,918.0,3.9167,155700.0,INLAND
-121.78,37.68,17.0,3112.0,872.0,1392.0,680.0,3.0222,172500.0,INLAND
-118.24,33.85,25.0,9594.0,1489.0,5237.0,1496.0,5.9684,193300.0,<1H OCEAN
-121.2,39.25,5.0,906.0,144.0,376.0,141.0,4.3523,188200.0,INLAND
-117.06,33.13,12.0,8742.0,2114.0,4854.0,1957.0,2.8015,143500.0,<1H OCEAN
-117.26,32.95,15.0,1036.0,149.0,395.0,157.0,5.8343,500001.0,NEAR OCEAN
-118.94,34.24,5.0,10018.0,1233.0,4253.0,1120.0,8.9063,500001.0,<1H OCEAN
-117.06,32.57,18.0,1384.0,311.0,1429.0,287.0,1.3362,95000.0,NEAR OCEAN
-121.94,38.41,15.0,1263.0,211.0,665.0,208.0,4.5,260900.0,INLAND
-122.41,37.76,52.0,3452.0,784.0,2987.0,753.0,2.8135,260300.0,NEAR BAY
-121.82,37.23,25.0,2349.0,394.0,1266.0,383.0,4.9688,233100.0,<1H OCEAN
