-118.45,34.23,15.0,5738.0,1767.0,4620.0,1581.0,2.3584,157600.0,<1H OCEAN
-120.83,37.52,6.0,1488.0,252.0,773.0,259.0,4.1859,150000.0,INLAND
-121.88,37.31,28.0,3085.0,552.0,1277.0,512.0,4.5795,262800.0,<1H OCEAN
-118.34,33.78,25.0,11016.0,1626.0,4168.0,1584.0,8.1782,500001.0,NEAR OCEAN
-119.83,36.79,24.0,3505.0,819.0,2098.0,774.0,1.9575,67000.0,INLAND
-121.88,37.37,14.0,6016.0,1404.0,3258.0,1316.0,3.5745,333700.0,<1H OCEAN
-117.28,33.2,11.0,1472.0,261.0,1012.0,285.0,4.21,175600.0,NEAR OCEAN
-121.85,37.33,19.0,735.0,158.0,597.0,134.0,4.5208,188100.0,<1H OCEAN
-118.37,34.14,21.0,4670.0,1161.0,1914.0,1094.0,3.7986,367700.0,<1H OCEAN
-120.43,34.87,26.0,1699.0,272.0,799.0,266.0,3.9871,157700.0,<1H OCEAN
-118.9,34.3,13.0,5591.0,1013.0,3188.0,971.0,5.5925,208600.0,<1H OCEAN
-118.2,33.95,35.0,1924.0,520.0,2101.0,541.0,2.4267,151500.0,<1H OCEAN
-121.43,38.57,46.0,2443.0,476.0,939.0,457.0,3.5893,142000.0,INLAND
-117.9,33.91,33.0,4181.0,804.0,2049.0,834.0,4.3103,201600.0,<1H OCEAN
-118.12,34.14,52.0,2337.0,352.0,981.0,328.0,5.8692,490400.0,<1H OCEAN
-117.04,32.73,36.0,2084.0,400.0,1097.0,398.0,3.2717,130700.0,NEAR OCEAN
-117.28,33.89,33.0,6982.0,1371.0,5650.0,1195.0,2.5379,152700.0,INLAND
-116.8,32.8,11.0,3874.0,565.0,1672.0,546.0,6.1481,274600.0,<1H OCEAN
-119.32,34.35,16.0,52.0,16.0,51.0,15.0,2.475,225000.0,NEAR OCEAN
-117.11,32.84,16.0,4608.0,629.0,2020.0,636.0,6.04,243000.0,<1H OCEAN
-121.29,37.96,52.0,888.0,324.0,630.0,258.0,1.2411,112500.0,INLAND
-117.92,33.79,29.0,3692.0,969.0,2683.0,881.0,3.1726,198700.0,<1H OCEAN
-119.19,35.96,25.0,2014.0,402.0,1160.0,362.0,1.881,52500.0,INLAND
-117.95,33.92,11.0,3127.0,706.0,1594.0,694.0,4.3426,141300.0,<1H OCEAN
-115.55,32.78,5.0,2652.0,606.0,1767.0,536.0,2.8025,84300.0,INLAND
-118.25,34.1,42.0,598.0,147.0,312.0,144.0,2.625,164300.0,<1H OCEAN
-118.31,33.94,44.0,1854.0,367.0,976.0,335.0,3.6583,126700.0,<1H OCEAN
-118.28,33.79,36.0,1989.0,458.0,1668.0,455.0,3.3009,168000.0,<1H OCEAN
-117.47,34.06,33.0,1379.0,273.0,884.0,229.0,2.7574,125000.0,INLAND
-121.46,38.54,39.0,1453.0,324.0,843.0,281.0,1.7692,63900.0,INLAND
-117.46,34.1,7.0,1759.0,473.0,1064.0,328.0,1.9583,108800.0,INLAND
-122.9,39.17,45.0,1314.0,277.0,649.0,232.0,2.575,73600.0,INLAND
-118.18,33.8,30.0,2734.0,758.0,2951.0,691.0,1.7689,117600.0,NEAR OCEAN
-117.43,34.1,43.0,1898.0,418.0,971.0,366.0,2.4735,89900.0,INLAND
-118.28,33.96,42.0,1206.0,304.0,1167.0,250.0,1.615,101300.0,<1H OCEAN
-120.8,37.52,13.0,2920.0,481.0,1602.0,490.0,3.9286,145800.0,INLAND
-122.42,37.63,46.0,66.0,11.0,30.0,12.0,2.375,275000.0,NEAR OCEAN
-119.83,36.8,16.0,6101.0,1200.0,3407.0,1134.0,3.125,80800.0,INLAND
-122.26,37.77,52.0,2097.0,444.0,915.0,413.0,2.9899,228100.0,NEAR BAY
-118.14,33.95,36.0,1942.0,355.0,891.0,348.0,3.6635,282100.0,<1H OCEAN
-118.28,34.1,49.0,2843.0,880.0,2004.0,796.0,2.7875,217300.0,<1H OCEAN
-122.23,37.81,52.0,2315.0,292.0,861.0,258.0,8.8793,410300.0,NEAR BAY
-118.5,34.46,17.0,10267.0,,4956.0,1483.0,5.5061,239400.0,<1H OCEAN
-120.07,36.74,19.0,2627.0,502.0,1295.0,441.0,3.087,88200.0,INLAND
-118.28,33.74,40.0,1751.0,512.0,1939.0,503.0,1.5394,200000.0,NEAR OCEAN
-115.54,32.79,30.0,752.0,194.0,733.0,186.0,1.6607,56100.0,INLAND
-121.63,37.1,14.0,5034.0,797.0,2124.0,790.0,4.9028,335000.0,<1H OCEAN
-117.93,33.64,15.0,1707.0,514.0,1335.0,434.0,2.7543,177800.0,<1H OCEAN
-121.83,37.35,31.0,2914.0,715.0,3547.0,645.0,3.7143,178600.0,<1H OCEAN
-121.88,37.34,40.0,1547.0,625.0,1493.0,543.0,1.2887,212500.0,<1H OCEAN
-118.28,33.98,19.0,883.0,313.0,726.0,277.0,0.9809,121400.0,<1H OCEAN
-118.52,34.2,19.0,4315.0,1304.0,2490.0,1222.0,2.6437,195000.0,<1H OCEAN
-120.82,37.5,21.0,2974.0,495.0,1313.0,461.0,4.4886,135400.0,INLAND
-118.26,34.12,52.0,1942.0,476.0,1375.0,477.0,2.7348,209100.0,<1H OCEAN
-115.64,32.8,23.0,1228.0,235.0,569.0,235.0,3.1667,125000.0,INLAND
-122.3,38.3,44.0,3690.0,809.0,1922.0,736.0,2.6346,139800.0,NEAR BAY
-118.54,34.25,26.0,2639.0,378.0,1191.0,401.0,6.2788,322200.0,<1H OCEAN
-117.19,32.79,35.0,1788.0,378.0,777.0,374.0,3.3713,238400.0,NEAR OCEAN
-122.02,37.36,21.0,2471.0,677.0,1486.0,689.0,3.9038,243800.0,<1H OCEAN
-117.78,33.68,19.0,2500.0,331.0,1027.0,327.0,6.115,315600.0,<1H OCEAN
-118.25,34.11,52.0,125.0,42.0,99.0,40.0,3.4375,170000.0,<1H OCEAN
-117.72,34.02,17.0,1781.0,262.0,860.0,256.0,6.5958,236800.0,INLAND
-121.82,37.27,16.0,2030.0,321.0,1343.0,365.0,6.3566,279100.0,<1H OCEAN
-118.33,34.21,31.0,3190.0,489.0,1362.0,480.0,6.981,402900.0,<1H OCEAN
-118.12,33.94,33.0,2394.0,576.0,1166.0,548.0,2.7317,264700.0,<1H OCEAN
-120.41,36.77,24.0,1335.0,312.0,1180.0,267.0,1.947,68900.0,INLAND
-121.46,38.55,52.0,3126.0,648.0,1789.0,558.0,1.7616,84100.0,INLAND
-118.03,33.83,34.0,3203.0,653.0,2072.0,691.0,4.225,198400.0,<1H OCEAN
-117.97,33.99,22.0,5284.0,982.0,2613.0,932.0,4.7332,289900.0,<1H OCEAN
-121.89,37.35,47.0,2879.0,631.0,2229.0,606.0,3.2599,183100.0,<1H OCEAN
-118.04,34.09,34.0,2001.0,388.0,1461.0,397.0,3.8304,183000.0,INLAND
-118.46,34.25,32.0,2217.0,422.0,1064.0,427.0,3.6989,208600.0,<1H OCEAN
-118.21,33.98,39.0,1315.0,306.0,1257.0,298.0,3.2788,169000.0,<1H OCEAN
-118.33,33.99,43.0,2224.0,550.0,1598.0,545.0,2.8274,122500.0,<1H OCEAN
-118.48,34.0,25.0,4149.0,1067.0,1749.0,1000.0,3.9722,450000.0,<1H OCEAN
-117.11,32.9,16.0,2043.0,388.0,705.0,352.0,4.4766,161500.0,<1H OCEAN
-122.14,37.68,35.0,2976.0,518.0,1424.0,538.0,4.267,210300.0,NEAR BAY
-115.49,32.69,17.0,1960.0,389.0,1691.0,356.0,1.899,64000.0,INLAND
-118.14,33.86,37.0,1404.0,257.0,652.0,258.0,4.2062,195400.0,<1H OCEAN
-118.01,33.84,35.0,4166.0,713.0,2354.0,709.0,5.1775,213400.0,<1H OCEAN
-122.08,37.58,15.0,2576.0,418.0,1657.0,410.0,5.5218,254400.0,NEAR BAY
-118.03,34.13,33.0,2352.0,373.0,995.0,359.0,4.9583,445700.0,INLAND
-117.73,33.57,5.0,11976.0,2495.0,4327.0,2009.0,4.8488,194400.0,<1H OCEAN
-118.43,34.15,28.0,6270.0,1706.0,2549.0,1497.0,3.2241,295800.0,<1H OCEAN
-120.19,39.32,16.0,1536.0,298.0,646.0,208.0,2.3594,155700.0,INLAND
-117.22,33.2,31.0,1736.0,277.0,801.0,292.0,4.4844,205500.0,<1H OCEAN
-117.33,33.17,11.0,10923.0,2041.0,4773.0,1858.0,4.0791,281300.0,NEAR OCEAN
-118.46,34.4,12.0,25957.0,4798.0,10475.0,4490.0,4.542,195300.0,<1H OCEAN
-118.08,33.86,26.0,778.0,173.0,539.0,186.0,3.2679,236500.0,<1H OCEAN
-122.76,38.35,30.0,2260.0,374.0,958.0,359.0,5.0323,222400.0,<1H OCEAN
-121.98,37.53,28.0,2829.0,566.0,1610.0,540.0,4.6,223200.0,<1H OCEAN
-122.32,38.35,20.0,3494.0,549.0,1673.0,541.0,5.5718,185200.0,INLAND
-122.42,37.73,35.0,1871.0,342.0,1055.0,310.0,4.625,279300.0,NEAR BAY
-121.36,37.99,8.0,1801.0,380.0,684.0,350.0,4.2589,134900.0,INLAND
-118.38,33.86,29.0,2787.0,475.0,1182.0,444.0,6.7613,352700.0,<1H OCEAN
-122.45,37.66,36.0,5456.0,926.0,2761.0,916.0,4.7755,280700.0,NEAR OCEAN
-122.3,40.58,19.0,1043.0,204.0,505.0,183.0,1.6033,98800.0,INLAND
-121.11,37.76,22.0,2606.0,411.0,1252.0,397.0,4.1833,192100.0,INLAND
-118.2,34.12,44.0,1565.0,398.0,1500.0,407.0,2.8125,155600.0,<1H OCEAN
-117.38,33.19,26.0,4123.0,1145.0,1703.0,895.0,1.9891,500000.0,NEAR OCEAN
-121.52,38.57,43.0,2360.0,471.0,1041.0,452.0,2.89,86200.0,INLAND
-118.1,33.96,36.0,1184.0,240.0,946.0,232.0,4.0357,162500.0,<1H OCEAN
-120.0,35.91,16.0,259.0,53.0,131.0,38.0,3.125,62500.0,INLAND
-118.21,34.12,41.0,1904.0,514.0,1666.0,498.0,3.6845,175800.0,<1H OCEAN
-118.36,34.05,45.0,1879.0,395.0,946.0,409.0,3.3333,254700.0,<1H OCEAN
-120.43,34.98,21.0,2725.0,514.0,1466.0,488.0,3.6639,128600.0,<1H OCEAN
-118.88,35.34,20.0,1351.0,255.0,762.0,253.0,2.1111,105300.0,INLAND
-118.38,34.2,23.0,4138.0,1171.0,3911.0,1068.0,3.0125,181700.0,<1H OCEAN
-118.17,33.83,45.0,1808.0,315.0,800.0,302.0,4.8693,277700.0,NEAR OCEAN
-117.29,34.49,3.0,7689.0,1545.0,3804.0,1399.0,3.3871,111800.0,INLAND
-118.34,33.97,45.0,2230.0,364.0,949.0,344.0,5.5,188200.0,<1H OCEAN
-122.11,37.38,22.0,3638.0,719.0,1329.0,650.0,5.0804,500001.0,NEAR BAY
-118.33,34.11,37.0,2330.0,434.0,846.0,457.0,8.2335,430200.0,<1H OCEAN
-122.47,37.61,34.0,4551.0,837.0,2208.0,834.0,5.4364,279300.0,NEAR OCEAN
-122.45,37.71,41.0,1578.0,351.0,1159.0,299.0,3.9167,243600.0,NEAR OCEAN
-122.04,37.53,34.0,2316.0,478.0,1524.0,467.0,3.7364,190400.0,NEAR BAY
-117.43,33.93,36.0,2386.0,396.0,1176.0,374.0,4.5122,113300.0,INLAND
-118.44,34.3,38.0,1595.0,314.0,1181.0,327.0,3.4,155500.0,<1H OCEAN
-121.29,38.03,7.0,2021.0,441.0,1615.0,406.0,2.5842,111300.0,INLAND
-121.89,36.59,32.0,784.0,112.0,262.0,114.0,6.918,500001.0,NEAR OCEAN
-118.13,34.18,52.0,3094.0,519.0,1309.0,488.0,6.4223,310900.0,INLAND
-122.49,37.85,38.0,240.0,29.0,63.0,34.0,12.2547,500001.0,NEAR BAY
-122.07,37.86,23.0,1025.0,205.0,263.0,191.0,3.12,155000.0,NEAR BAY
-118.22,34.22,39.0,2686.0,417.0,1094.0,402.0,7.0059,500001.0,<1H OCEAN
-117.22,32.78,22.0,2020.0,466.0,1010.0,429.0,3.4527,175000.0,NEAR OCEAN
-119.93,35.2,29.0,1649.0,342.0,671.0,264.0,3.0602,69800.0,INLAND
-121.83,37.32,21.0,4559.0,1163.0,5124.0,1124.0,3.2052,179000.0,<1H OCEAN
-121.27,38.65,25.0,2787.0,601.0,1247.0,522.0,2.9016,159800.0,INLAND
-121.53,38.58,33.0,4988.0,1169.0,2414.0,1075.0,1.9728,76400.0,INLAND
-118.64,34.17,26.0,6767.0,903.0,2574.0,883.0,7.7846,409000.0,<1H OCEAN
-117.75,33.54,21.0,8711.0,1544.0,3173.0,1396.0,5.0907,378200.0,<1H OCEAN
-118.35,33.96,26.0,2773.0,681.0,1560.0,631.0,3.1354,164300.0,<1H OCEAN
-117.86,33.78,21.0,2713.0,731.0,1952.0,722.0,2.6959,178800.0,<1H OCEAN
-117.85,33.92,11.0,3331.0,410.0,1460.0,416.0,8.0287,371800.0,<1H OCEAN
-118.01,33.78,19.0,2648.0,478.0,1160.0,452.0,5.9357,207400.0,<1H OCEAN
-122.48,37.67,15.0,2897.0,728.0,2340.0,720.0,3.3906,303700.0,NEAR OCEAN
-120.58,39.27,15.0,4126.0,903.0,723.0,266.0,3.0147,118800.0,INLAND
-118.14,34.17,40.0,1054.0,251.0,1056.0,276.0,2.3,146700.0,<1H OCEAN
-122.13,37.47,30.0,1480.0,294.0,1126.0,301.0,4.983,166700.0,NEAR BAY
-118.4,33.86,18.0,5152.0,1365.0,2286.0,1243.0,5.1677,380800.0,<1H OCEAN
-118.56,34.19,34.0,1237.0,242.0,671.0,221.0,3.9615,183600.0,<1H OCEAN
-120.72,37.38,22.0,1311.0,319.0,1455.0,340.0,2.2813,67300.0,INLAND
-121.79,37.32,6.0,2850.0,561.0,2160.0,581.0,5.5336,241900.0,<1H OCEAN
-118.55,34.21,35.0,2592.0,490.0,1427.0,434.0,5.0623,246400.0,<1H OCEAN
-117.86,34.14,36.0,3097.0,667.0,1484.0,634.0,3.1905,235300.0,INLAND
-118.03,34.11,38.0,2076.0,361.0,988.0,332.0,5.9175,416900.0,INLAND
-121.88,37.24,14.0,7174.0,950.0,2782.0,899.0,8.3065,394200.0,<1H OCEAN
-118.44,34.28,47.0,843.0,194.0,800.0,180.0,3.3687,151700.0,<1H OCEAN
-122.24,37.49,38.0,4105.0,950.0,2561.0,909.0,3.8684,265600.0,NEAR OCEAN
-117.36,34.1,29.0,2819.0,637.0,1683.0,608.0,2.3205,87600.0,INLAND
-122.1,37.19,18.0,808.0,136.0,420.0,145.0,7.1831,273300.0,NEAR OCEAN
-122.06,37.6,17.0,5159.0,832.0,3174.0,817.0,5.8704,234400.0,NEAR BAY
-119.03,35.38,38.0,2122.0,394.0,843.0,410.0,3.0,91800.0,INLAND
-118.32,33.9,37.0,1664.0,401.0,1316.0,409.0,3.0526,216400.0,<1H OCEAN
-117.46,34.09,8.0,4711.0,963.0,3310.0,988.0,3.5488,101600.0,INLAND
-117.12,33.52,4.0,30401.0,4957.0,13251.0,4339.0,4.5841,212300.0,<1H OCEAN
-122.78,38.44,14.0,4143.0,656.0,1569.0,629.0,3.9766,345300.0,<1H OCEAN
-119.83,36.37,25.0,1549.0,269.0,819.0,272.0,2.7159,101400.0,INLAND
-118.07,33.83,17.0,4822.0,1168.0,3868.0,1117.0,2.5978,142900.0,<1H OCEAN
-122.77,38.92,26.0,712.0,140.0,293.0,100.0,4.0119,119400.0,INLAND
-119.19,34.21,28.0,4194.0,811.0,2556.0,856.0,4.2227,235400.0,NEAR OCEAN
-121.22,37.8,28.0,2608.0,576.0,1719.0,554.0,2.1186,94400.0,INLAND
-121.41,38.62,21.0,3260.0,763.0,1735.0,736.0,2.5162,97500.0,INLAND
-117.16,33.54,4.0,4952.0,1000.0,2912.0,943.0,3.7538,147500.0,<1H OCEAN
-118.41,33.97,43.0,1464.0,224.0,581.0,232.0,6.2022,365900.0,<1H OCEAN
-120.87,37.05,29.0,4176.0,779.0,2092.0,741.0,2.595,104200.0,INLAND
-118.61,34.24,17.0,5406.0,895.0,2337.0,882.0,6.0137,375900.0,<1H OCEAN
-118.21,33.82,34.0,1719.0,398.0,1444.0,372.0,2.8438,139300.0,NEAR OCEAN
-119.57,37.94,17.0,346.0,130.0,51.0,20.0,3.4861,137500.0,INLAND
-119.23,34.44,34.0,3193.0,664.0,1434.0,627.0,2.4777,260300.0,<1H OCEAN
-117.29,34.11,48.0,1498.0,448.0,1586.0,455.0,1.1687,70800.0,INLAND
-121.87,38.02,52.0,2264.0,439.0,1403.0,476.0,2.7083,99400.0,INLAND
-122.0,37.28,32.0,2782.0,495.0,1092.0,455.0,5.4103,335900.0,<1H OCEAN
-117.22,33.9,8.0,8302.0,1461.0,5155.0,1370.0,4.0467,121500.0,INLAND
-122.18,37.74,35.0,504.0,126.0,323.0,109.0,1.8438,90500.0,NEAR BAY
-122.56,37.9,36.0,1760.0,283.0,562.0,246.0,6.7546,402400.0,NEAR BAY
-122.44,37.78,31.0,1364.0,386.0,707.0,379.0,3.1607,293800.0,NEAR BAY
-119.59,36.72,18.0,1284.0,193.0,621.0,190.0,4.5375,130600.0,INLAND
-122.27,40.46,14.0,2633.0,530.0,1324.0,513.0,2.2768,78600.0,INLAND
-117.11,32.7,37.0,2045.0,502.0,1920.0,472.0,1.8125,83300.0,NEAR OCEAN
-119.81,34.44,23.0,3172.0,588.0,1467.0,559.0,4.6806,288900.0,NEAR OCEAN
-121.9,36.93,22.0,7281.0,1233.0,1849.0,832.0,5.3276,335500.0,NEAR OCEAN
-122.44,37.76,52.0,2110.0,454.0,816.0,438.0,3.9079,370000.0,NEAR BAY
-117.22,34.15,9.0,2524.0,352.0,1139.0,362.0,6.2516,159300.0,INLAND
-118.47,34.23,22.0,8350.0,2717.0,9135.0,2452.0,2.5008,160000.0,<1H OCEAN
-117.98,33.8,35.0,2114.0,341.0,1077.0,343.0,5.4876,227500.0,<1H OCEAN
-119.35,35.59,14.0,2719.0,502.0,1497.0,457.0,3.176,71800.0,INLAND
-123.21,39.15,52.0,1370.0,258.0,617.0,228.0,2.55,112900.0,<1H OCEAN
-121.53,36.85,23.0,3359.0,725.0,1862.0,651.0,2.6719,193600.0,INLAND
-121.55,39.1,27.0,1783.0,441.0,1163.0,409.0,1.2857,47000.0,INLAND
-123.17,39.18,14.0,2240.0,327.0,1030.0,308.0,5.9585,214900.0,<1H OCEAN
-122.12,37.75,28.0,794.0,111.0,329.0,109.0,7.6923,329800.0,NEAR BAY
-117.24,34.15,23.0,3847.0,608.0,1621.0,630.0,4.6111,128400.0,INLAND
-119.9,36.58,20.0,1935.0,363.0,1319.0,359.0,2.4814,74600.0,INLAND
-117.07,32.57,14.0,1527.0,357.0,1224.0,363.0,2.7361,93600.0,NEAR OCEAN
-118.39,34.19,41.0,2000.0,485.0,1439.0,461.0,3.0491,192000.0,<1H OCEAN
-118.24,33.95,37.0,441.0,125.0,390.0,98.0,1.6513,90200.0,<1H OCEAN
-118.22,34.05,44.0,1105.0,346.0,1598.0,372.0,1.2,115600.0,<1H OCEAN
-118.15,34.18,46.0,2230.0,488.0,1985.0,456.0,2.2328,142100.0,<1H OCEAN
-117.97,33.84,35.0,793.0,128.0,589.0,137.0,5.25,190200.0,<1H OCEAN
-118.03,34.16,39.0,2731.0,366.0,1034.0,338.0,9.8098,500001.0,INLAND
-121.06,37.66,6.0,3655.0,598.0,1993.0,596.0,4.6053,150100.0,INLAND
-122.23,40.57,18.0,1633.0,243.0,750.0,252.0,5.1585,150800.0,INLAND
-122.21,37.8,39.0,2003.0,500.0,1109.0,464.0,3.0682,156500.0,NEAR BAY
-118.3,33.74,40.0,1896.0,416.0,950.0,383.0,2.425,255000.0,NEAR OCEAN
-116.47,33.81,7.0,10105.0,2481.0,6274.0,2095.0,2.4497,90900.0,INLAND
-120.43,34.96,24.0,2739.0,414.0,1171.0,413.0,4.8155,162900.0,<1H OCEAN
-118.38,34.21,35.0,1468.0,303.0,1295.0,300.0,3.7708,170600.0,<1H OCEAN
-121.31,37.99,23.0,3135.0,707.0,1650.0,680.0,1.886,105300.0,INLAND
-117.85,33.89,24.0,3326.0,503.0,1616.0,494.0,5.7457,240600.0,<1H OCEAN
-122.5,37.77,52.0,2739.0,569.0,1312.0,531.0,3.5833,322900.0,NEAR BAY
-122.39,40.52,24.0,2068.0,346.0,951.0,332.0,3.9306,85900.0,INLAND
-118.31,34.01,39.0,2073.0,566.0,1246.0,547.0,2.0417,117100.0,<1H OCEAN
-118.15,33.84,36.0,2987.0,491.0,1360.0,497.0,4.8013,224100.0,<1H OCEAN
-121.39,38.58,36.0,2019.0,369.0,878.0,356.0,2.8462,93400.0,INLAND
-117.3,34.12,50.0,1629.0,437.0,1581.0,394.0,2.2019,63500.0,INLAND
-119.84,36.82,17.0,2807.0,376.0,996.0,353.0,5.5357,167700.0,INLAND
-121.91,38.02,15.0,2966.0,558.0,1687.0,527.0,3.4817,129800.0,INLAND
-118.4,33.97,37.0,1364.0,248.0,494.0,242.0,4.6364,456300.0,<1H OCEAN
-118.12,34.02,36.0,1595.0,383.0,1105.0,359.0,2.4286,205600.0,<1H OCEAN
-117.93,33.88,32.0,2458.0,359.0,967.0,409.0,7.2893,293500.0,<1H OCEAN
-118.89,34.33,23.0,366.0,62.0,265.0,66.0,3.125,375000.0,<1H OCEAN
-119.82,34.43,15.0,1482.0,345.0,669.0,379.0,3.0773,112500.0,NEAR OCEAN
-122.26,37.45,17.0,2742.0,441.0,986.0,421.0,5.9285,496000.0,NEAR OCEAN
-118.2,33.93,36.0,2210.0,634.0,2341.0,553.0,2.1715,131100.0,<1H OCEAN
-118.37,34.07,50.0,2519.0,,1117.0,516.0,4.3667,405600.0,<1H OCEAN
-118.11,33.86,36.0,2750.0,487.0,1386.0,458.0,4.9904,221700.0,<1H OCEAN
-117.06,32.55,5.0,3223.0,940.0,3284.0,854.0,1.4384,108800.0,NEAR OCEAN
-120.67,35.48,18.0,2339.0,443.0,1097.0,416.0,3.3438,176100.0,<1H OCEAN
-122.41,37.66,32.0,1385.0,356.0,1096.0,353.0,4.475,246700.0,NEAR OCEAN
-122.13,37.66,19.0,862.0,167.0,407.0,183.0,4.3456,163000.0,NEAR BAY
-122.04,39.22,27.0,1446.0,295.0,670.0,281.0,3.2625,92800.0,INLAND
-119.57,34.38,22.0,2512.0,426.0,919.0,341.0,5.759,425000.0,<1H OCEAN
-122.48,37.71,43.0,3850.0,1018.0,1497.0,829.0,3.5296,400000.0,NEAR OCEAN
-118.36,33.96,25.0,1849.0,518.0,1498.0,451.0,2.8378,170000.0,<1H OCEAN
-122.03,37.37,30.0,1269.0,290.0,556.0,266.0,3.8125,325000.0,<1H OCEAN
-118.32,34.0,50.0,2189.0,460.0,1097.0,469.0,2.4583,120900.0,<1H OCEAN
-120.7,38.75,19.0,2325.0,430.0,967.0,376.0,2.9,158700.0,INLAND
-122.19,37.77,41.0,2036.0,510.0,1412.0,454.0,2.0469,89300.0,NEAR BAY
-121.82,38.0,30.0,3268.0,567.0,1714.0,565.0,4.4583,131000.0,INLAND
-117.82,33.84,25.0,1788.0,203.0,676.0,217.0,10.1299,454300.0,<1H OCEAN
-118.36,34.06,39.0,2810.0,670.0,1109.0,624.0,3.25,355000.0,<1H OCEAN
-121.18,37.79,16.0,1326.0,286.0,509.0,297.0,1.9464,112500.0,INLAND
-122.02,37.8,11.0,6200.0,907.0,2286.0,896.0,7.6518,359300.0,NEAR BAY
-118.2,33.81,45.0,944.0,178.0,533.0,193.0,3.4808,206900.0,NEAR OCEAN
-118.29,33.74,30.0,2074.0,533.0,1311.0,531.0,2.0329,225800.0,NEAR OCEAN
-118.26,33.93,42.0,1433.0,295.0,775.0,293.0,1.1326,104800.0,<1H OCEAN
-119.71,36.74,18.0,8099.0,1670.0,4476.0,1514.0,2.4728,88300.0,INLAND
-122.75,38.43,36.0,1599.0,345.0,1086.0,314.0,2.6667,149100.0,<1H OCEAN
-118.44,34.26,28.0,1077.0,288.0,1377.0,293.0,3.9167,153900.0,<1H OCEAN
-119.18,34.19,5.0,384.0,131.0,410.0,149.0,1.5625,87500.0,NEAR OCEAN
-122.07,37.69,31.0,5914.0,1309.0,2999.0,1295.0,3.0964,190500.0,NEAR BAY
-117.97,34.1,33.0,1558.0,316.0,1600.0,338.0,2.9712,143900.0,INLAND
-121.42,38.57,38.0,1878.0,338.0,710.0,342.0,3.7731,161400.0,INLAND
-118.16,33.85,36.0,2668.0,473.0,1315.0,478.0,4.0714,215600.0,<1H OCEAN
-118.16,34.02,47.0,1055.0,298.0,1303.0,302.0,2.6964,138800.0,<1H OCEAN
-118.34,34.05,52.0,2530.0,458.0,1122.0,449.0,3.9167,321600.0,<1H OCEAN
-118.48,34.04,36.0,2539.0,535.0,979.0,500.0,3.6667,500001.0,<1H OCEAN
-118.57,34.17,35.0,2072.0,318.0,908.0,342.0,6.0928,327300.0,<1H OCEAN
-122.54,37.97,39.0,4193.0,762.0,1833.0,737.0,5.6263,352100.0,NEAR BAY
-121.42,38.55,35.0,182.0,39.0,115.0,43.0,2.6417,98900.0,INLAND
-121.86,37.26,16.0,2814.0,485.0,1305.0,465.0,5.5121,224100.0,<1H OCEAN
-118.01,33.93,31.0,3395.0,742.0,1886.0,737.0,4.4118,174400.0,<1H OCEAN
-122.15,37.69,38.0,1246.0,221.0,637.0,222.0,3.6625,184600.0,NEAR BAY
-117.38,33.94,21.0,2468.0,380.0,1164.0,385.0,4.0625,136800.0,INLAND
-117.9,33.83,23.0,2459.0,689.0,2720.0,598.0,2.8072,164700.0,<1H OCEAN
-122.22,38.1,40.0,2549.0,478.0,1275.0,494.0,2.9469,111600.0,NEAR BAY
-121.91,37.93,13.0,1610.0,198.0,703.0,217.0,8.7059,329400.0,INLAND
-117.98,33.73,18.0,3833.0,,2192.0,996.0,3.4679,219700.0,<1H OCEAN
-117.25,32.84,19.0,1759.0,214.0,659.0,195.0,10.7751,500001.0,NEAR OCEAN
-117.48,34.09,32.0,1650.0,328.0,1124.0,290.0,3.1838,98600.0,INLAND
-118.55,34.26,21.0,4018.0,536.0,1508.0,529.0,8.203,445400.0,<1H OCEAN
-118.14,34.05,25.0,5478.0,1136.0,3062.0,1096.0,3.4118,341100.0,<1H OCEAN
-122.09,37.4,24.0,3983.0,1126.0,2645.0,1072.0,3.6742,275000.0,NEAR BAY
-122.56,37.92,37.0,1926.0,290.0,721.0,298.0,8.9248,500001.0,NEAR BAY
-118.52,34.2,37.0,1795.0,346.0,1082.0,354.0,4.9102,207200.0,<1H OCEAN
-120.44,37.29,18.0,1260.0,268.0,576.0,263.0,1.7222,101500.0,INLAND
-121.93,37.71,26.0,4822.0,845.0,2288.0,805.0,4.2281,206000.0,<1H OCEAN
-120.26,38.13,17.0,301.0,94.0,122.0,47.0,4.0583,87500.0,INLAND
-118.09,33.77,26.0,1388.0,409.0,515.0,392.0,1.8015,62000.0,<1H OCEAN
-118.46,34.29,24.0,3668.0,890.0,3151.0,810.0,3.0526,183300.0,<1H OCEAN
-118.65,34.18,27.0,1793.0,339.0,1016.0,326.0,4.925,240300.0,<1H OCEAN
-118.47,34.14,36.0,2873.0,420.0,850.0,379.0,8.153,500001.0,<1H OCEAN
-124.17,40.74,17.0,2026.0,338.0,873.0,313.0,4.0357,128900.0,NEAR OCEAN
-118.25,34.13,22.0,2340.0,773.0,2226.0,754.0,2.5417,217500.0,<1H OCEAN
-122.38,40.57,43.0,2251.0,542.0,1479.0,512.0,1.5676,58200.0,INLAND
-117.88,33.66,26.0,6017.0,1244.0,2673.0,1135.0,3.5426,295400.0,<1H OCEAN
-117.14,33.39,17.0,2889.0,587.0,1931.0,510.0,3.8547,208300.0,<1H OCEAN
-118.36,33.82,36.0,1083.0,187.0,522.0,187.0,5.7765,339500.0,<1H OCEAN
-122.07,37.58,16.0,1644.0,251.0,1033.0,267.0,6.5116,244300.0,NEAR BAY
-122.31,37.57,42.0,3157.0,676.0,1603.0,629.0,3.7422,292600.0,NEAR OCEAN
-121.62,39.12,26.0,1405.0,204.0,627.0,215.0,4.2188,94200.0,INLAND
-121.99,38.27,16.0,4138.0,758.0,1762.0,723.0,3.1979,137500.0,INLAND
-121.96,37.28,28.0,5018.0,1066.0,2846.0,998.0,4.0174,273900.0,<1H OCEAN
-117.07,33.03,14.0,6665.0,1231.0,2026.0,1001.0,5.09,268500.0,<1H OCEAN
-118.48,34.03,39.0,1530.0,401.0,1074.0,375.0,3.5076,381800.0,<1H OCEAN
-120.6,37.37,10.0,3075.0,498.0,1368.0,487.0,4.6667,130100.0,INLAND
-118.25,33.8,36.0,1697.0,394.0,1274.0,396.0,3.35,163100.0,<1H OCEAN
-122.16,37.45,52.0,1135.0,219.0,441.0,200.0,7.5418,492000.0,NEAR BAY
-122.32,37.56,44.0,537.0,173.0,355.0,194.0,2.8571,250000.0,NEAR OCEAN
-122.02,38.02,44.0,1465.0,247.0,817.0,237.0,4.8693,156900.0,NEAR BAY
-118.53,34.45,26.0,828.0,149.0,508.0,158.0,5.2374,185500.0,<1H OCEAN
-118.19,33.93,44.0,1613.0,345.0,1227.0,342.0,3.1667,145700.0,<1H OCEAN
-122.22,37.79,46.0,2366.0,575.0,1647.0,527.0,2.6042,124700.0,NEAR BAY
-118.37,33.97,32.0,6699.0,1781.0,2725.0,1544.0,3.3889,285700.0,<1H OCEAN
-117.64,34.12,18.0,3605.0,534.0,1682.0,480.0,5.8407,202900.0,INLAND
-121.27,37.96,43.0,1624.0,448.0,1805.0,440.0,1.425,61300.0,INLAND
-117.32,34.19,6.0,1068.0,182.0,999.0,188.0,4.7222,109000.0,INLAND
-118.21,33.93,39.0,354.0,73.0,184.0,58.0,2.7679,108900.0,<1H OCEAN
-118.3,34.01,52.0,1444.0,343.0,1154.0,334.0,2.0625,134400.0,<1H OCEAN
-122.45,37.78,52.0,1345.0,291.0,560.0,294.0,3.7159,494400.0,NEAR BAY
-121.31,38.28,16.0,1708.0,391.0,687.0,378.0,1.9485,155400.0,INLAND
-122.0,37.98,36.0,404.0,77.0,237.0,88.0,4.525,161300.0,INLAND
-118.25,33.89,34.0,1367.0,288.0,1183.0,286.0,2.6812,104100.0,<1H OCEAN
-122.17,37.73,46.0,2163.0,470.0,925.0,435.0,3.25,177500.0,NEAR BAY
-119.08,35.34,15.0,1474.0,235.0,768.0,238.0,4.1528,130100.0,INLAND
-120.37,36.15,34.0,2084.0,339.0,868.0,347.0,4.381,86300.0,INLAND
-122.55,38.07,38.0,3392.0,709.0,1894.0,713.0,3.0573,350800.0,NEAR BAY
-117.59,33.44,3.0,5813.0,1264.0,2363.0,1041.0,4.3897,341300.0,NEAR OCEAN
-118.31,33.99,47.0,1525.0,359.0,982.0,333.0,2.0915,126600.0,<1H OCEAN
-118.01,34.07,22.0,6311.0,1572.0,6666.0,1456.0,2.9334,182600.0,INLAND
-120.95,37.65,37.0,136.0,20.0,72.0,22.0,2.2279,225000.0,INLAND
-118.13,33.96,38.0,1040.0,202.0,557.0,228.0,4.0,254700.0,<1H OCEAN
-122.33,38.29,14.0,3541.0,499.0,1577.0,459.0,5.3351,269900.0,NEAR BAY
-118.36,33.8,38.0,2553.0,400.0,1042.0,393.0,6.9742,500001.0,NEAR OCEAN
-121.44,36.51,31.0,1636.0,380.0,1468.0,339.0,3.2219,114700.0,<1H OCEAN
-118.24,33.78,24.0,574.0,173.0,784.0,162.0,2.25,152300.0,NEAR OCEAN
-122.05,37.97,16.0,60.0,10.0,65.0,19.0,6.1359,250000.0,NEAR BAY
-117.91,33.65,24.0,1494.0,494.0,814.0,459.0,2.1074,181300.0,<1H OCEAN
-118.32,33.91,34.0,1068.0,198.0,757.0,231.0,5.7528,180500.0,<1H OCEAN
-122.44,37.8,52.0,3149.0,719.0,1145.0,658.0,4.625,500001.0,NEAR BAY
-118.16,34.04,11.0,852.0,215.0,806.0,202.0,1.3971,134400.0,<1H OCEAN
-118.14,33.95,42.0,1413.0,228.0,630.0,219.0,6.8564,300000.0,<1H OCEAN
-118.41,34.03,33.0,1730.0,386.0,994.0,363.0,3.7277,500001.0,<1H OCEAN
-118.27,33.99,30.0,504.0,140.0,529.0,123.0,1.9531,100000.0,<1H OCEAN
-118.27,34.27,27.0,5205.0,859.0,2363.0,888.0,6.1946,276100.0,<1H OCEAN
-122.64,38.01,36.0,1336.0,258.0,678.0,249.0,5.5789,292000.0,NEAR OCEAN
-117.65,33.49,16.0,2223.0,454.0,628.0,382.0,4.3603,248800.0,<1H OCEAN
-117.7,33.6,26.0,1021.0,230.0,301.0,208.0,2.625,80600.0,<1H OCEAN
-120.64,35.46,6.0,5876.0,1406.0,2877.0,1304.0,2.5437,146400.0,<1H OCEAN
-117.43,34.01,34.0,2101.0,426.0,1150.0,377.0,3.0909,98300.0,INLAND
-122.05,38.26,21.0,7195.0,1416.0,3927.0,1377.0,3.0912,126300.0,INLAND
-122.41,37.63,35.0,865.0,226.0,602.0,217.0,3.0,229100.0,NEAR OCEAN
-122.31,37.91,43.0,2549.0,511.0,1060.0,528.0,3.6417,178400.0,NEAR BAY
-116.95,32.76,13.0,5543.0,857.0,2074.0,737.0,4.9528,266200.0,<1H OCEAN
-121.94,38.37,14.0,1156.0,216.0,574.0,227.0,3.2396,143800.0,INLAND
-118.37,34.21,34.0,2272.0,558.0,2164.0,484.0,3.7143,175700.0,<1H OCEAN
-117.18,34.04,38.0,2492.0,381.0,1003.0,369.0,3.6875,152800.0,INLAND
-118.22,33.9,35.0,1649.0,424.0,1786.0,388.0,1.4091,105600.0,<1H OCEAN
-122.47,37.78,51.0,1485.0,386.0,880.0,385.0,2.7431,307100.0,NEAR BAY
-122.24,37.83,41.0,2576.0,406.0,794.0,376.0,5.956,366100.0,NEAR BAY
-117.25,34.07,21.0,3067.0,706.0,2140.0,687.0,2.4432,78800.0,INLAND
-122.7,39.14,13.0,532.0,111.0,214.0,62.0,3.3929,108300.0,INLAND
-122.25,38.1,52.0,1591.0,372.0,817.0,357.0,2.1411,97200.0,NEAR BAY
-122.04,37.97,10.0,974.0,316.0,631.0,286.0,2.3152,140600.0,NEAR BAY
-117.24,34.14,6.0,2383.0,606.0,1301.0,488.0,3.016,107500.0,INLAND
-118.3,33.93,40.0,2434.0,477.0,1646.0,453.0,3.2024,128000.0,<1H OCEAN
-122.08,37.7,32.0,2718.0,447.0,1156.0,410.0,5.2497,259300.0,NEAR BAY
-116.22,33.74,26.0,4120.0,858.0,2918.0,815.0,3.3107,69400.0,INLAND
-117.79,34.07,34.0,975.0,192.0,870.0,183.0,3.7933,116100.0,INLAND
-120.93,38.26,13.0,2084.0,449.0,834.0,305.0,3.2937,114200.0,INLAND
-118.42,34.06,40.0,2933.0,565.0,1077.0,536.0,6.1527,500001.0,<1H OCEAN
-122.23,37.84,50.0,2515.0,399.0,970.0,373.0,5.8596,327600.0,NEAR BAY
-122.09,37.7,31.0,2053.0,336.0,867.0,329.0,4.3375,241800.0,NEAR BAY
-116.98,32.72,15.0,4209.0,680.0,1914.0,641.0,4.5135,158300.0,<1H OCEAN
-118.08,33.77,26.0,2013.0,551.0,664.0,510.0,2.2708,67500.0,<1H OCEAN
-117.98,33.75,37.0,1264.0,274.0,783.0,273.0,3.3438,199600.0,<1H OCEAN
-117.18,32.74,39.0,3132.0,738.0,1200.0,690.0,2.5288,274000.0,NEAR OCEAN
-118.14,33.88,24.0,3305.0,982.0,2085.0,881.0,2.6641,168200.0,<1H OCEAN
-121.84,36.62,26.0,32.0,8.0,27.0,10.0,2.225,150000.0,<1H OCEAN
-121.84,39.68,38.0,549.0,105.0,275.0,94.0,3.5375,153100.0,INLAND
-120.66,38.4,18.0,2144.0,420.0,985.0,381.0,3.175,118500.0,INLAND
-117.15,32.77,16.0,2056.0,631.0,847.0,569.0,2.9576,92200.0,NEAR OCEAN
-118.23,34.23,34.0,2377.0,362.0,1055.0,362.0,6.0,367100.0,<1H OCEAN
-118.25,34.07,18.0,4297.0,1420.0,4332.0,1286.0,2.2545,192500.0,<1H OCEAN
-117.23,33.96,5.0,9179.0,1361.0,4573.0,1294.0,5.253,163300.0,INLAND
-118.36,34.08,52.0,2373.0,601.0,1135.0,576.0,3.1765,225000.0,<1H OCEAN
-117.19,32.75,52.0,1388.0,213.0,513.0,211.0,6.1309,411600.0,NEAR OCEAN
-121.23,37.99,38.0,523.0,80.0,226.0,72.0,5.5693,153100.0,INLAND
-119.16,34.28,11.0,5330.0,1056.0,2801.0,1028.0,4.763,232700.0,NEAR OCEAN
-120.79,38.43,40.0,1391.0,246.0,546.0,214.0,3.9107,129800.0,INLAND
-118.11,34.2,36.0,4915.0,725.0,1897.0,700.0,6.827,359400.0,INLAND
-118.08,34.04,20.0,5841.0,1146.0,3273.0,1131.0,4.7222,185100.0,<1H OCEAN
-115.96,33.3,27.0,322.0,81.0,112.0,57.0,1.125,54400.0,INLAND
-117.97,33.79,33.0,3268.0,641.0,1704.0,591.0,3.6849,211400.0,<1H OCEAN
-118.32,34.19,37.0,1519.0,331.0,613.0,315.0,3.0179,272500.0,<1H OCEAN
-121.33,37.98,9.0,2370.0,424.0,1129.0,386.0,5.143,176500.0,INLAND
-118.57,34.27,20.0,7384.0,845.0,2795.0,872.0,9.6047,500001.0,<1H OCEAN
-117.5,33.87,4.0,6755.0,1017.0,2866.0,850.0,5.0493,239800.0,INLAND
-118.11,34.14,52.0,2401.0,332.0,810.0,308.0,6.0948,358700.0,<1H OCEAN
-120.42,34.96,19.0,2298.0,511.0,1246.0,513.0,2.212,132000.0,<1H OCEAN
-122.23,38.11,47.0,3007.0,524.0,1152.0,486.0,4.0,141500.0,NEAR BAY
-118.34,33.99,48.0,1172.0,205.0,497.0,190.0,3.825,183000.0,<1H OCEAN
-118.0,33.82,24.0,3002.0,644.0,1495.0,634.0,3.1087,202800.0,<1H OCEAN
-120.81,35.19,14.0,3414.0,802.0,1236.0,632.0,3.7635,336200.0,NEAR OCEAN
-118.02,34.12,38.0,1778.0,288.0,870.0,281.0,6.5784,408500.0,INLAND
-117.25,32.83,17.0,2075.0,262.0,704.0,241.0,10.9529,500001.0,NEAR OCEAN
-122.39,37.79,52.0,94.0,24.0,113.0,27.0,4.6563,350000.0,NEAR BAY
-121.75,36.92,48.0,1801.0,353.0,1071.0,361.0,3.6,194500.0,<1H OCEAN
-118.15,33.9,20.0,2850.0,737.0,1855.0,662.0,2.809,144600.0,<1H OCEAN
-122.07,37.36,21.0,3244.0,426.0,1158.0,415.0,7.5,500001.0,<1H OCEAN
-121.29,38.01,10.0,69.0,16.0,50.0,20.0,3.75,120800.0,INLAND
-118.41,34.18,35.0,1975.0,384.0,882.0,406.0,4.375,291700.0,<1H OCEAN
-122.7,38.33,26.0,1584.0,295.0,846.0,295.0,3.375,156300.0,<1H OCEAN
-117.13,32.58,27.0,1417.0,373.0,814.0,348.0,2.3603,195300.0,NEAR OCEAN
-117.84,33.76,22.0,378.0,78.0,196.0,81.0,3.6806,219400.0,<1H OCEAN
-117.24,32.8,28.0,1072.0,331.0,692.0,321.0,2.1357,187500.0,NEAR OCEAN
-118.36,33.81,25.0,9042.0,2022.0,4458.0,1944.0,4.5592,378800.0,<1H OCEAN
-118.38,33.97,43.0,2715.0,458.0,1151.0,434.0,7.4897,362600.0,<1H OCEAN
-120.79,37.08,9.0,97.0,20.0,91.0,22.0,2.9063,55000.0,INLAND
-121.81,37.3,14.0,1870.0,348.0,1214.0,347.0,4.9769,186500.0,<1H OCEAN
-118.58,34.21,27.0,2209.0,353.0,1034.0,344.0,4.7125,250900.0,<1H OCEAN
-117.79,33.56,36.0,2057.0,329.0,658.0,309.0,7.866,500001.0,<1H OCEAN
-118.0,33.9,35.0,1758.0,309.0,972.0,338.0,4.3831,209800.0,<1H OCEAN
-122.45,41.28,15.0,2740.0,503.0,1188.0,445.0,3.4519,128800.0,INLAND
-117.9,34.11,23.0,4776.0,1316.0,4797.0,1187.0,2.1667,142600.0,<1H OCEAN
-117.31,34.17,25.0,2795.0,596.0,1650.0,569.0,3.0078,87100.0,INLAND
-117.2,32.79,29.0,1213.0,,654.0,246.0,4.5987,255600.0,NEAR OCEAN
-122.23,40.63,16.0,1141.0,220.0,563.0,200.0,2.3287,130700.0,INLAND
-117.4,33.97,41.0,1707.0,276.0,660.0,269.0,3.8618,134800.0,INLAND
-122.01,39.74,20.0,2332.0,518.0,1856.0,495.0,2.1746,58700.0,INLAND
-121.35,38.59,29.0,1285.0,193.0,460.0,206.0,5.3243,265700.0,INLAND
-122.09,37.09,46.0,695.0,136.0,408.0,148.0,3.9408,222600.0,NEAR OCEAN
-117.29,34.14,52.0,1683.0,266.0,646.0,256.0,4.0481,97300.0,INLAND
-119.02,37.64,14.0,5919.0,1278.0,265.0,112.0,3.2431,221400.0,INLAND
-118.12,34.14,25.0,3420.0,977.0,1718.0,947.0,3.1033,217900.0,<1H OCEAN
-122.41,37.79,52.0,3302.0,869.0,1178.0,727.0,3.3681,500001.0,NEAR BAY
-118.07,34.16,35.0,3585.0,671.0,1401.0,623.0,4.125,330000.0,INLAND
-122.42,40.44,16.0,994.0,,495.0,181.0,2.1875,76400.0,INLAND
-118.29,34.05,11.0,677.0,370.0,1143.0,341.0,2.3864,350000.0,<1H OCEAN
-118.83,34.23,6.0,8803.0,1114.0,3385.0,1010.0,8.7288,425800.0,<1H OCEAN
-121.5,38.59,43.0,88.0,21.0,119.0,19.0,1.725,67500.0,INLAND
-117.08,32.67,31.0,3008.0,764.0,2088.0,757.0,2.5662,118200.0,NEAR OCEAN
-119.94,38.96,20.0,1451.0,386.0,467.0,255.0,1.5536,212500.0,INLAND
-117.64,34.04,21.0,1801.0,507.0,2556.0,484.0,2.4716,102500.0,INLAND
-118.36,34.09,38.0,2158.0,582.0,1061.0,577.0,2.9643,355300.0,<1H OCEAN
-122.32,37.95,35.0,1612.0,354.0,887.0,331.0,2.5769,146100.0,NEAR BAY
-117.09,32.91,16.0,2005.0,266.0,827.0,270.0,7.0546,282200.0,<1H OCEAN
-120.85,37.78,25.0,421.0,,303.0,106.0,2.2679,71300.0,INLAND
-121.49,38.5,32.0,2364.0,439.0,1331.0,449.0,3.319,84500.0,INLAND
-117.05,32.58,25.0,2185.0,370.0,1558.0,369.0,5.3072,132700.0,NEAR OCEAN
-118.3,33.95,27.0,1774.0,444.0,1622.0,402.0,2.2031,96900.0,<1H OCEAN
-118.97,34.18,18.0,7338.0,1020.0,3419.0,1058.0,7.0242,293100.0,<1H OCEAN
-117.04,32.83,8.0,2205.0,348.0,777.0,341.0,6.0266,177400.0,<1H OCEAN
-122.45,37.71,34.0,3131.0,669.0,2204.0,600.0,3.5536,251000.0,NEAR OCEAN
-120.95,37.73,12.0,3609.0,712.0,2650.0,742.0,2.8565,92700.0,INLAND
-118.13,34.12,46.0,3156.0,430.0,1109.0,423.0,10.7397,500001.0,<1H OCEAN
-121.37,38.61,42.0,945.0,193.0,460.0,193.0,3.7569,127100.0,INLAND
-117.99,33.81,23.0,3284.0,795.0,3257.0,758.0,2.4526,182900.0,<1H OCEAN
-121.9,38.01,16.0,2604.0,454.0,1696.0,481.0,4.6628,136000.0,INLAND
-118.49,34.06,42.0,2861.0,360.0,829.0,310.0,15.0001,500001.0,<1H OCEAN
-117.9,33.64,36.0,2017.0,357.0,850.0,348.0,5.0532,310900.0,<1H OCEAN
-119.63,36.18,23.0,207.0,45.0,171.0,50.0,2.4286,100000.0,INLAND
-118.09,34.1,27.0,6010.0,1532.0,3620.0,1445.0,2.7436,201700.0,<1H OCEAN
-119.66,36.32,24.0,2652.0,568.0,1532.0,445.0,2.3256,56800.0,INLAND
-118.12,34.08,36.0,2433.0,585.0,1565.0,563.0,3.2344,234900.0,<1H OCEAN
-118.4,34.16,34.0,2638.0,580.0,1150.0,551.0,4.2989,364700.0,<1H OCEAN
-122.47,37.89,23.0,10774.0,1736.0,3895.0,1683.0,7.2905,500001.0,NEAR BAY
-117.84,33.8,34.0,2004.0,331.0,843.0,328.0,3.59,230600.0,<1H OCEAN
-118.38,33.88,27.0,3039.0,606.0,1421.0,564.0,5.5771,345500.0,<1H OCEAN
-122.94,38.49,37.0,3169.0,719.0,777.0,344.0,2.7072,117100.0,<1H OCEAN
-118.45,34.04,22.0,3319.0,1045.0,1848.0,940.0,3.6673,283300.0,<1H OCEAN
-122.28,37.88,52.0,1844.0,332.0,769.0,334.0,4.2614,261300.0,NEAR BAY
-117.25,32.8,30.0,2061.0,631.0,1007.0,577.0,2.5813,253100.0,NEAR OCEAN
-121.31,38.26,22.0,1768.0,396.0,1005.0,420.0,1.8846,88300.0,INLAND
-117.42,33.94,26.0,2420.0,532.0,1383.0,469.0,3.5403,113500.0,INLAND
-117.81,33.64,4.0,1741.0,225.0,811.0,233.0,12.3411,500001.0,<1H OCEAN
-118.41,33.88,34.0,540.0,107.0,213.0,104.0,6.3403,500001.0,<1H OCEAN
-121.78,37.24,17.0,2123.0,341.0,1067.0,339.0,6.0062,262700.0,<1H OCEAN
-118.16,34.11,48.0,1091.0,236.0,632.0,234.0,3.7235,263600.0,<1H OCEAN
-122.16,37.71,37.0,1507.0,242.0,632.0,253.0,4.5553,191000.0,NEAR BAY
-123.41,40.61,17.0,769.0,205.0,301.0,126.0,1.7875,55000.0,INLAND
-119.96,35.99,25.0,1047.0,270.0,1505.0,286.0,2.0976,47700.0,INLAND
-118.47,34.32,13.0,2664.0,518.0,1468.0,521.0,4.8988,325200.0,<1H OCEAN
-122.71,38.45,39.0,2739.0,573.0,1223.0,569.0,2.9663,185400.0,<1H OCEAN
-117.99,33.89,23.0,2111.0,306.0,979.0,288.0,8.5621,347800.0,<1H OCEAN
-119.02,35.36,47.0,1631.0,340.0,847.0,315.0,2.5062,73700.0,INLAND
-118.32,33.98,47.0,949.0,210.0,574.0,217.0,2.175,114700.0,<1H OCEAN
-119.81,34.47,26.0,4382.0,618.0,1728.0,587.0,7.4734,432200.0,NEAR OCEAN
-122.41,37.94,52.0,154.0,33.0,89.0,38.0,3.2875,275000.0,NEAR BAY
-117.99,33.7,25.0,2017.0,357.0,1063.0,369.0,4.0345,229400.0,<1H OCEAN
-122.2,37.35,17.0,3095.0,442.0,1173.0,424.0,13.2986,500001.0,NEAR BAY
-118.36,33.85,34.0,1086.0,197.0,509.0,158.0,6.1133,349300.0,<1H OCEAN
-114.65,32.79,21.0,44.0,33.0,64.0,27.0,0.8571,25000.0,INLAND
-122.26,38.33,34.0,2048.0,316.0,780.0,267.0,5.815,339200.0,NEAR BAY
-121.21,37.81,8.0,1883.0,298.0,999.0,301.0,5.193,172100.0,INLAND
-121.88,37.33,36.0,1904.0,689.0,3561.0,632.0,2.0972,187500.0,<1H OCEAN
-119.12,35.33,4.0,8574.0,1489.0,4250.0,1444.0,5.1036,103400.0,INLAND
-118.31,34.08,31.0,2275.0,823.0,2189.0,720.0,1.7542,287500.0,<1H OCEAN
-119.82,36.76,41.0,1973.0,399.0,1107.0,375.0,1.8971,66900.0,INLAND
-118.67,34.16,17.0,16544.0,2206.0,6214.0,2118.0,9.1228,500001.0,<1H OCEAN
-122.51,37.91,2.0,647.0,136.0,203.0,118.0,6.641,310000.0,NEAR BAY
-117.09,32.71,29.0,2238.0,523.0,2061.0,504.0,2.5559,96800.0,NEAR OCEAN
-121.8,38.68,11.0,3851.0,892.0,1847.0,747.0,3.4331,120600.0,INLAND
-121.62,39.16,7.0,4480.0,776.0,2271.0,767.0,3.809,110700.0,INLAND
-118.35,34.21,42.0,1073.0,220.0,804.0,226.0,3.75,172600.0,<1H OCEAN
-117.16,32.74,52.0,852.0,262.0,389.0,249.0,2.6042,225000.0,NEAR OCEAN
-120.1,39.19,17.0,1480.0,241.0,202.0,80.0,3.9375,213200.0,INLAND
-117.96,33.76,24.0,1328.0,290.0,1012.0,306.0,4.2813,189500.0,<1H OCEAN
-121.61,38.38,37.0,1365.0,276.0,952.0,268.0,4.037,156900.0,INLAND
-117.05,33.11,18.0,4393.0,642.0,2095.0,677.0,5.4786,223500.0,<1H OCEAN
-121.31,38.0,35.0,2097.0,351.0,977.0,358.0,4.3958,108400.0,INLAND
-116.93,32.81,18.0,2447.0,466.0,1573.0,472.0,2.6429,125400.0,<1H OCEAN
-122.39,37.73,52.0,1070.0,224.0,567.0,207.0,2.8603,189000.0,NEAR BAY
-120.22,39.2,22.0,8259.0,1409.0,845.0,353.0,3.3699,244000.0,INLAND
-122.69,37.91,43.0,1730.0,326.0,629.0,279.0,4.3194,238700.0,NEAR OCEAN
-121.93,37.33,44.0,1449.0,291.0,676.0,282.0,3.575,292200.0,<1H OCEAN
-119.03,35.38,52.0,1695.0,290.0,540.0,260.0,2.7312,147100.0,INLAND
-117.83,33.9,23.0,2446.0,360.0,1196.0,359.0,6.5755,272800.0,<1H OCEAN
-122.42,37.77,52.0,1086.0,349.0,589.0,361.0,2.5186,250000.0,NEAR BAY
-122.48,37.74,52.0,2166.0,423.0,1072.0,370.0,4.131,314300.0,NEAR OCEAN
-118.0,34.07,34.0,1696.0,456.0,1609.0,426.0,2.25,138500.0,INLAND
-122.3,37.53,43.0,1748.0,366.0,984.0,371.0,4.5116,337800.0,NEAR OCEAN
-121.79,37.99,18.0,3646.0,534.0,1651.0,535.0,5.7321,164700.0,INLAND
-120.45,34.95,32.0,1574.0,447.0,1772.0,463.0,1.8625,90200.0,<1H OCEAN
-122.27,38.32,31.0,1267.0,319.0,545.0,297.0,1.9946,206800.0,NEAR BAY
-118.94,34.17,16.0,3746.0,508.0,1556.0,452.0,6.3303,299400.0,<1H OCEAN
-118.25,33.92,44.0,1137.0,235.0,747.0,225.0,2.0,92600.0,<1H OCEAN
-122.09,39.13,28.0,4169.0,895.0,2587.0,810.0,2.331,65500.0,INLAND
-122.22,40.18,13.0,3719.0,803.0,1754.0,764.0,2.3517,88900.0,INLAND
-121.0,37.64,52.0,530.0,177.0,325.0,158.0,1.1875,90600.0,INLAND
-117.64,34.07,38.0,2450.0,544.0,1823.0,536.0,2.837,111200.0,INLAND
-118.34,33.93,37.0,1638.0,407.0,1341.0,369.0,3.0677,167700.0,<1H OCEAN
-117.96,33.82,29.0,2176.0,468.0,1632.0,428.0,3.707,180400.0,<1H OCEAN
-117.83,33.82,26.0,3259.0,456.0,1354.0,459.0,5.7817,267600.0,<1H OCEAN
-118.01,33.82,10.0,3897.0,893.0,1992.0,693.0,4.1591,192300.0,<1H OCEAN
-117.17,34.12,3.0,15695.0,2248.0,6080.0,1920.0,6.2178,173900.0,INLAND
-118.35,33.89,30.0,1143.0,299.0,776.0,273.0,4.2829,240000.0,<1H OCEAN
-117.89,33.83,35.0,2984.0,446.0,1435.0,455.0,5.6276,200800.0,<1H OCEAN
-122.16,37.45,37.0,2926.0,874.0,1363.0,815.0,4.5987,356000.0,NEAR BAY
-122.29,37.87,50.0,1829.0,536.0,1129.0,516.0,2.6684,185600.0,NEAR BAY
-118.69,34.08,23.0,204.0,40.0,117.0,41.0,9.7646,500001.0,NEAR OCEAN
-117.14,32.9,16.0,3217.0,,2054.0,687.0,4.2234,162100.0,<1H OCEAN
-118.01,33.95,37.0,1165.0,210.0,627.0,221.0,4.6923,181000.0,<1H OCEAN
-118.07,33.72,32.0,1179.0,250.0,369.0,209.0,5.1824,500001.0,NEAR OCEAN
-118.06,33.82,25.0,2637.0,462.0,965.0,415.0,4.5833,190900.0,<1H OCEAN
-119.04,35.95,25.0,1009.0,246.0,994.0,222.0,1.8462,55800.0,INLAND
-117.18,32.82,25.0,1756.0,301.0,722.0,312.0,4.5625,162300.0,NEAR OCEAN
-122.29,37.54,43.0,2268.0,438.0,1151.0,449.0,4.9091,293200.0,NEAR OCEAN
-118.32,34.03,31.0,2206.0,501.0,1194.0,435.0,1.9531,227800.0,<1H OCEAN
-118.21,34.12,35.0,1937.0,439.0,1523.0,412.0,3.5638,170500.0,<1H OCEAN
-122.55,38.42,24.0,2220.0,411.0,894.0,365.0,4.2891,211700.0,<1H OCEAN
-122.06,37.38,21.0,1798.0,399.0,837.0,410.0,5.6999,470000.0,NEAR BAY
-120.96,37.66,15.0,2485.0,434.0,1296.0,434.0,3.8542,145200.0,INLAND
-122.43,37.78,2.0,1205.0,468.0,577.0,363.0,3.6437,275000.0,NEAR BAY
-121.41,38.58,18.0,6955.0,1882.0,2803.0,1740.0,3.089,141400.0,INLAND
-121.97,37.93,4.0,3241.0,464.0,1552.0,494.0,6.6134,307000.0,INLAND
-118.26,34.15,18.0,2481.0,756.0,1763.0,675.0,2.8088,247500.0,<1H OCEAN
-117.88,33.77,31.0,2549.0,355.0,1044.0,362.0,6.9737,288800.0,<1H OCEAN
-122.32,37.57,33.0,3384.0,819.0,2626.0,793.0,3.2285,234800.0,NEAR OCEAN
-118.32,33.96,47.0,1885.0,361.0,954.0,357.0,3.8512,171300.0,<1H OCEAN
-122.27,37.51,36.0,1406.0,224.0,598.0,237.0,5.8964,414800.0,NEAR OCEAN
-122.31,37.54,45.0,1222.0,220.0,492.0,205.0,5.539,396900.0,NEAR OCEAN
-121.44,38.61,41.0,1404.0,313.0,765.0,330.0,1.8792,63300.0,INLAND
-118.29,33.87,32.0,1700.0,340.0,864.0,317.0,4.381,238700.0,<1H OCEAN
-118.12,33.81,36.0,1665.0,291.0,721.0,294.0,4.6875,250700.0,<1H OCEAN
-122.45,37.78,52.0,3975.0,716.0,1515.0,691.0,5.0156,500001.0,NEAR BAY
-122.04,37.63,33.0,952.0,172.0,369.0,159.0,3.2331,226700.0,NEAR BAY
-117.38,33.97,29.0,1157.0,297.0,2027.0,253.0,1.6389,155000.0,INLAND
-118.02,33.77,7.0,586.0,118.0,232.0,107.0,5.2077,181300.0,<1H OCEAN
-118.97,35.37,52.0,425.0,119.0,380.0,97.0,1.4125,42500.0,INLAND
-119.82,36.77,36.0,2252.0,468.0,1117.0,442.0,2.9081,65600.0,INLAND
-119.75,36.75,50.0,1515.0,294.0,852.0,297.0,1.9955,54200.0,INLAND
-117.06,34.9,36.0,2828.0,916.0,1762.0,736.0,1.4318,59600.0,INLAND
-117.34,34.46,9.0,5983.0,1122.0,3515.0,1064.0,3.1505,102000.0,INLAND
-117.99,33.83,25.0,3434.0,835.0,1749.0,657.0,3.2539,199000.0,<1H OCEAN
-121.04,37.67,16.0,19.0,19.0,166.0,9.0,0.536,162500.0,INLAND
-118.16,33.97,23.0,1516.0,457.0,1977.0,435.0,2.3068,157800.0,<1H OCEAN
-122.24,37.82,52.0,3481.0,751.0,1444.0,718.0,3.9,275700.0,NEAR BAY
-118.11,34.08,30.0,2350.0,472.0,945.0,467.0,3.3421,201000.0,<1H OCEAN
-117.33,34.13,30.0,2335.0,363.0,1214.0,311.0,2.2449,93200.0,INLAND
-119.71,34.42,52.0,1838.0,692.0,851.0,576.0,1.4851,237500.0,<1H OCEAN
-118.34,33.93,35.0,1213.0,284.0,742.0,253.0,4.0625,159900.0,<1H OCEAN
-122.41,37.75,52.0,1919.0,404.0,1483.0,421.0,3.4063,253900.0,NEAR BAY
-122.33,38.21,33.0,2017.0,370.0,949.0,342.0,4.625,228600.0,NEAR BAY
-122.41,37.62,39.0,3119.0,758.0,1807.0,696.0,3.2216,242700.0,NEAR OCEAN
-122.44,37.77,52.0,3225.0,667.0,1494.0,619.0,4.4875,500001.0,NEAR BAY
-121.16,38.16,31.0,1953.0,366.0,999.0,316.0,2.4906,122500.0,INLAND
-119.79,36.73,52.0,112.0,28.0,193.0,40.0,1.975,47500.0,INLAND
-117.63,34.1,15.0,4799.0,1209.0,2554.0,1057.0,2.6582,122800.0,INLAND
-117.41,34.11,29.0,3999.0,772.0,2602.0,760.0,3.5481,105500.0,INLAND
-118.43,34.17,37.0,1982.0,331.0,794.0,340.0,5.9275,336900.0,<1H OCEAN
-121.36,38.01,16.0,926.0,230.0,451.0,198.0,4.0221,173300.0,INLAND
-121.85,37.36,18.0,1525.0,485.0,1705.0,448.0,3.7198,128600.0,<1H OCEAN
-118.25,33.97,43.0,1735.0,535.0,2288.0,524.0,1.9119,98800.0,<1H OCEAN
-117.74,35.65,15.0,2357.0,484.0,1110.0,442.0,3.1755,81700.0,INLAND
-121.86,37.35,35.0,2391.0,605.0,1886.0,595.0,2.5551,182100.0,<1H OCEAN
-118.98,35.38,34.0,1020.0,247.0,795.0,228.0,1.625,50800.0,INLAND
-121.66,37.11,19.0,3785.0,611.0,2198.0,610.0,5.1514,436700.0,<1H OCEAN
-117.94,34.06,34.0,1921.0,422.0,1230.0,447.0,3.6648,193900.0,<1H OCEAN
-117.13,33.13,17.0,3164.0,652.0,1123.0,699.0,2.082,80000.0,<1H OCEAN
-118.34,34.09,37.0,1442.0,501.0,998.0,503.0,2.4432,200000.0,<1H OCEAN
-117.12,34.1,40.0,96.0,14.0,46.0,14.0,3.2708,162500.0,INLAND
-122.03,38.25,35.0,1940.0,384.0,1177.0,403.0,3.1389,101100.0,INLAND
-117.09,32.66,46.0,844.0,147.0,423.0,161.0,3.375,136300.0,NEAR OCEAN
-118.59,34.18,7.0,11853.0,2691.0,4404.0,2447.0,4.2009,271300.0,<1H OCEAN
-117.72,33.53,14.0,1672.0,295.0,704.0,293.0,5.1129,251300.0,<1H OCEAN
-120.45,37.32,21.0,1318.0,202.0,618.0,197.0,4.8214,117800.0,INLAND
-118.38,33.87,33.0,1993.0,371.0,918.0,361.0,6.9021,337600.0,<1H OCEAN
-118.26,33.95,44.0,1771.0,378.0,1296.0,399.0,1.6389,96700.0,<1H OCEAN
-119.34,35.6,33.0,2143.0,488.0,1732.0,509.0,1.9362,59000.0,INLAND
-122.29,37.81,46.0,12.0,4.0,18.0,7.0,0.4999,67500.0,NEAR BAY
-117.08,32.75,16.0,1111.0,328.0,930.0,303.0,1.2347,128100.0,NEAR OCEAN
-117.85,33.84,26.0,2095.0,280.0,793.0,261.0,6.6719,271700.0,<1H OCEAN
-121.76,36.77,27.0,1608.0,503.0,2031.0,498.0,2.3384,121000.0,<1H OCEAN
-121.89,37.31,47.0,2986.0,627.0,1399.0,613.0,3.7455,247400.0,<1H OCEAN
-122.28,37.86,52.0,938.0,195.0,393.0,189.0,3.8594,196400.0,NEAR BAY
-117.3,34.12,43.0,1018.0,261.0,736.0,215.0,2.6,66900.0,INLAND
-123.22,39.16,32.0,1149.0,187.0,499.0,208.0,3.6587,154600.0,<1H OCEAN
-120.04,36.96,23.0,2126.0,506.0,2091.0,491.0,1.3713,51800.0,INLAND
-122.31,40.65,11.0,3664.0,647.0,1686.0,613.0,2.9338,141600.0,INLAND
-122.28,38.32,12.0,4609.0,1005.0,2293.0,960.0,3.4543,194500.0,NEAR BAY
-118.28,33.96,42.0,1604.0,399.0,1581.0,387.0,1.7656,96700.0,<1H OCEAN
-117.85,34.14,35.0,2899.0,429.0,1251.0,429.0,6.1049,297200.0,INLAND
-122.13,37.67,38.0,2012.0,347.0,880.0,332.0,3.1734,181600.0,NEAR BAY
-118.37,33.92,44.0,938.0,181.0,502.0,171.0,4.4722,218300.0,<1H OCEAN
-118.27,34.11,39.0,3825.0,916.0,1378.0,746.0,4.4094,352600.0,<1H OCEAN
-118.16,34.16,52.0,1576.0,239.0,696.0,249.0,6.07,261800.0,<1H OCEAN
-120.61,35.12,12.0,3430.0,793.0,1840.0,720.0,2.9821,162000.0,<1H OCEAN
-122.13,37.89,27.0,744.0,214.0,295.0,169.0,2.7411,350000.0,NEAR BAY
-121.92,36.56,39.0,2144.0,538.0,749.0,419.0,2.7039,364000.0,NEAR OCEAN
-118.26,33.94,41.0,1510.0,410.0,1408.0,389.0,1.65,94200.0,<1H OCEAN
-118.27,34.05,37.0,350.0,245.0,1122.0,248.0,2.7634,137500.0,<1H OCEAN
-118.42,34.06,52.0,1881.0,334.0,640.0,321.0,6.871,500001.0,<1H OCEAN
-118.2,34.05,50.0,1407.0,401.0,1526.0,385.0,2.29,121800.0,<1H OCEAN
-122.44,37.66,21.0,5108.0,1510.0,3288.0,1405.0,3.1927,252600.0,NEAR OCEAN
-121.77,36.71,18.0,6601.0,1395.0,3562.0,1299.0,3.512,174800.0,<1H OCEAN
-117.66,33.5,16.0,1956.0,346.0,862.0,326.0,4.4732,186300.0,<1H OCEAN
-120.62,35.28,28.0,3952.0,592.0,1469.0,571.0,6.3144,328800.0,NEAR OCEAN
-117.88,33.75,34.0,3004.0,673.0,5477.0,640.0,2.8342,187200.0,<1H OCEAN
-121.2,38.67,10.0,3875.0,668.0,1632.0,593.0,4.6902,171000.0,INLAND
-122.54,38.36,40.0,2725.0,531.0,1167.0,458.0,3.7969,202800.0,<1H OCEAN
-118.25,33.99,41.0,1486.0,509.0,2312.0,541.0,1.3963,92900.0,<1H OCEAN
-118.23,34.14,33.0,2865.0,864.0,2061.0,790.0,2.6268,201300.0,<1H OCEAN
-116.88,34.24,13.0,4137.0,796.0,573.0,218.0,4.6394,226500.0,INLAND
-117.28,34.13,29.0,2077.0,577.0,1418.0,524.0,1.8281,76800.0,INLAND
-117.85,33.74,19.0,1248.0,357.0,1214.0,328.0,2.7059,159800.0,<1H OCEAN
-121.76,36.83,28.0,1445.0,268.0,1017.0,284.0,3.6693,211000.0,<1H OCEAN
-122.31,37.53,39.0,1160.0,191.0,508.0,185.0,5.9539,379100.0,NEAR OCEAN
-117.92,34.08,35.0,1860.0,323.0,1011.0,305.0,3.5536,207000.0,<1H OCEAN
-122.02,37.6,32.0,1295.0,295.0,1097.0,328.0,3.2386,149600.0,NEAR BAY
-121.03,37.66,31.0,887.0,217.0,614.0,199.0,2.1528,75500.0,INLAND
-117.28,32.8,20.0,1838.0,540.0,615.0,325.0,3.5486,193800.0,NEAR OCEAN
-122.09,37.68,41.0,1834.0,463.0,1105.0,467.0,2.8322,170300.0,NEAR BAY
-119.23,36.45,36.0,1508.0,323.0,1283.0,312.0,2.1205,60000.0,INLAND
-122.42,37.63,46.0,1811.0,337.0,796.0,333.0,3.43,292900.0,NEAR OCEAN
-118.0,33.82,18.0,2947.0,559.0,1820.0,551.0,4.5294,224800.0,<1H OCEAN
-119.59,37.39,19.0,3273.0,611.0,1164.0,481.0,3.5446,106500.0,INLAND
-121.93,37.32,51.0,2711.0,728.0,1607.0,724.0,3.0,184700.0,<1H OCEAN
-117.68,34.08,28.0,2459.0,492.0,1230.0,498.0,3.0978,137200.0,INLAND
-118.15,34.17,46.0,2553.0,558.0,1740.0,492.0,2.0278,127500.0,<1H OCEAN
-121.92,37.32,28.0,2089.0,641.0,1666.0,587.0,2.3633,198400.0,<1H OCEAN
-116.24,33.72,25.0,5236.0,1039.0,2725.0,935.0,3.775,93400.0,INLAND
-118.35,33.99,45.0,1764.0,401.0,679.0,334.0,3.2021,222100.0,<1H OCEAN
-118.32,34.06,52.0,983.0,246.0,578.0,204.0,5.7393,500001.0,<1H OCEAN
-124.1,41.04,26.0,1633.0,380.0,890.0,370.0,1.9741,97900.0,NEAR OCEAN
-122.29,37.89,52.0,3171.0,698.0,1498.0,696.0,3.1795,218200.0,NEAR BAY
-117.07,32.76,14.0,2523.0,545.0,1297.0,525.0,2.3886,138100.0,NEAR OCEAN
-120.46,34.64,37.0,1697.0,334.0,740.0,272.0,2.3804,148000.0,NEAR OCEAN
-122.23,40.32,10.0,2336.0,426.0,1003.0,368.0,3.0833,81300.0,INLAND
-118.29,33.8,21.0,9944.0,1623.0,4185.0,1582.0,4.526,329400.0,<1H OCEAN
-115.54,32.79,23.0,1712.0,403.0,1370.0,377.0,1.275,60400.0,INLAND
-118.09,33.87,31.0,3498.0,728.0,2098.0,697.0,3.9837,246000.0,<1H OCEAN
-120.64,35.47,8.0,416.0,121.0,936.0,97.0,2.1154,117200.0,<1H OCEAN
-121.3,37.98,47.0,2373.0,461.0,990.0,444.0,4.175,98300.0,INLAND
-118.15,33.86,32.0,2630.0,559.0,1069.0,491.0,2.4659,209000.0,<1H OCEAN
-121.53,39.52,24.0,1028.0,185.0,471.0,186.0,2.9688,86400.0,INLAND
-120.33,38.26,13.0,2962.0,546.0,252.0,103.0,4.4063,155800.0,INLAND
-120.48,39.78,11.0,513.0,104.0,204.0,86.0,2.375,100000.0,INLAND
-122.48,37.78,52.0,2910.0,611.0,1508.0,515.0,3.5865,311400.0,NEAR BAY
-117.9,33.73,26.0,1324.0,314.0,1804.0,311.0,3.9659,178500.0,<1H OCEAN
-121.61,36.69,19.0,9899.0,2617.0,11272.0,2528.0,2.0244,118500.0,<1H OCEAN
-121.83,38.0,15.0,6365.0,1646.0,3838.0,1458.0,2.5495,103600.0,INLAND
-117.53,33.97,34.0,1293.0,215.0,774.0,217.0,3.8906,141000.0,INLAND
-117.24,32.8,30.0,1917.0,462.0,828.0,437.0,2.4671,276300.0,NEAR OCEAN
-118.31,34.02,45.0,1423.0,278.0,822.0,276.0,2.4519,98100.0,<1H OCEAN
-118.47,34.03,32.0,3024.0,784.0,1323.0,740.0,3.3889,347900.0,<1H OCEAN
-119.08,34.17,32.0,166.0,22.0,63.0,29.0,7.3004,125000.0,NEAR OCEAN
-122.39,37.59,33.0,2064.0,299.0,813.0,303.0,6.0374,500001.0,NEAR OCEAN
-118.25,33.99,42.0,2261.0,574.0,2496.0,527.0,1.5556,98500.0,<1H OCEAN
-122.15,38.29,17.0,1625.0,239.0,703.0,224.0,6.5891,328800.0,NEAR BAY
-116.06,34.15,15.0,10377.0,2331.0,4507.0,1807.0,2.2466,66800.0,INLAND
-120.65,36.98,26.0,1787.0,364.0,1548.0,362.0,1.7188,49500.0,INLAND
-117.87,33.87,16.0,1332.0,368.0,1534.0,295.0,3.0227,297100.0,<1H OCEAN
-116.32,34.14,18.0,1880.0,487.0,994.0,425.0,1.69,54200.0,INLAND
-118.32,34.04,44.0,1008.0,223.0,544.0,223.0,2.8654,176800.0,<1H OCEAN
-122.08,37.65,35.0,1813.0,393.0,1093.0,374.0,3.6818,165400.0,NEAR BAY
-118.15,34.2,37.0,1997.0,361.0,1037.0,363.0,3.7932,210300.0,INLAND
-122.18,37.73,42.0,4074.0,874.0,2736.0,780.0,2.455,82400.0,NEAR BAY
-123.76,41.03,24.0,2386.0,565.0,1058.0,414.0,2.0644,79800.0,<1H OCEAN
-117.57,34.02,5.0,6933.0,1311.0,3845.0,1285.0,4.6727,158900.0,INLAND
-117.04,32.71,28.0,5274.0,991.0,3727.0,961.0,3.57,109800.0,NEAR OCEAN
-119.72,34.44,39.0,1489.0,304.0,700.0,268.0,3.8819,289900.0,<1H OCEAN
-117.13,32.92,16.0,1565.0,257.0,893.0,239.0,5.5036,192300.0,<1H OCEAN
-118.15,34.18,42.0,1521.0,320.0,1118.0,311.0,3.3125,154900.0,<1H OCEAN
-124.08,40.99,18.0,3297.0,662.0,1554.0,578.0,2.6847,111300.0,NEAR OCEAN
-122.08,37.88,26.0,2947.0,,825.0,626.0,2.933,85000.0,NEAR BAY
-116.92,32.8,33.0,1518.0,268.0,857.0,272.0,3.5586,160400.0,<1H OCEAN
-121.3,38.05,52.0,122.0,26.0,62.0,25.0,1.15,112500.0,INLAND
-119.03,35.34,34.0,2221.0,436.0,1131.0,408.0,3.0486,68500.0,INLAND
-117.9,33.74,24.0,2932.0,955.0,5516.0,911.0,2.7535,111000.0,<1H OCEAN
-118.18,33.74,30.0,5915.0,1750.0,2136.0,1503.0,4.0968,310000.0,NEAR OCEAN
-118.2,33.98,32.0,1403.0,399.0,1506.0,375.0,2.0,172700.0,<1H OCEAN
-116.46,33.78,33.0,2565.0,745.0,2301.0,638.0,2.5477,83000.0,INLAND
-117.25,33.05,16.0,2794.0,476.0,1387.0,442.0,4.3286,213400.0,NEAR OCEAN
-117.09,32.61,21.0,1945.0,430.0,1335.0,419.0,3.6467,113000.0,NEAR OCEAN
-117.82,33.71,9.0,5206.0,992.0,4660.0,978.0,2.885,162500.0,<1H OCEAN
-120.47,34.66,4.0,3376.0,525.0,1684.0,535.0,4.9237,166600.0,NEAR OCEAN
-119.34,36.32,6.0,3266.0,604.0,1769.0,580.0,3.1574,89200.0,INLAND
-118.07,34.15,45.0,1095.0,237.0,672.0,234.0,3.4087,209200.0,INLAND
-122.42,37.62,36.0,1538.0,256.0,671.0,247.0,4.4091,317900.0,NEAR OCEAN
-117.51,34.16,2.0,718.0,98.0,119.0,50.0,4.1,315000.0,INLAND
-118.28,34.1,44.0,2728.0,585.0,1227.0,567.0,4.0602,324000.0,<1H OCEAN
-119.86,36.43,34.0,1175.0,251.0,683.0,261.0,1.7176,58400.0,INLAND
-121.94,37.27,23.0,1932.0,552.0,997.0,482.0,3.662,211900.0,<1H OCEAN
-117.83,33.66,15.0,2355.0,438.0,747.0,450.0,6.5356,272800.0,<1H OCEAN
-118.31,34.19,13.0,3801.0,1116.0,1986.0,1078.0,2.0875,222700.0,<1H OCEAN
-115.49,32.67,25.0,2322.0,573.0,2185.0,602.0,1.375,70100.0,INLAND
-122.43,37.79,52.0,3565.0,892.0,1377.0,852.0,3.8068,500001.0,NEAR BAY
-121.47,38.57,52.0,438.0,103.0,176.0,99.0,3.0217,200000.0,INLAND
-121.95,37.94,21.0,3153.0,411.0,1318.0,431.0,6.8642,285400.0,INLAND
-121.25,38.05,25.0,1967.0,362.0,1035.0,361.0,3.5735,106800.0,INLAND
-115.52,34.22,30.0,540.0,136.0,122.0,63.0,1.3333,42500.0,INLAND
-118.35,34.06,48.0,3551.0,826.0,1601.0,827.0,3.2279,400000.0,<1H OCEAN
-122.01,36.99,28.0,1321.0,240.0,652.0,239.0,4.9808,263100.0,NEAR OCEAN
-118.51,34.18,37.0,1893.0,365.0,911.0,324.0,4.8036,295300.0,<1H OCEAN
-117.97,33.93,35.0,1887.0,328.0,989.0,351.0,4.1321,198100.0,<1H OCEAN
-120.06,39.15,22.0,2213.0,372.0,98.0,42.0,1.1912,170000.0,INLAND
-122.01,37.95,8.0,3866.0,539.0,1555.0,513.0,6.0901,298200.0,NEAR BAY
-122.72,38.58,4.0,7042.0,1100.0,2936.0,1043.0,5.0555,240800.0,<1H OCEAN
-122.23,38.06,52.0,1350.0,266.0,490.0,257.0,3.125,171100.0,NEAR BAY
-117.8,33.53,41.0,2017.0,489.0,783.0,403.0,4.1591,500001.0,<1H OCEAN
-118.1,33.81,36.0,1111.0,184.0,444.0,177.0,3.7031,245300.0,<1H OCEAN
-117.71,34.12,20.0,11250.0,1893.0,4952.0,1859.0,5.6785,239500.0,INLAND
-119.68,36.79,16.0,1551.0,,1010.0,292.0,3.5417,71300.0,INLAND
-118.26,34.08,45.0,2225.0,827.0,2699.0,792.0,1.9209,179200.0,<1H OCEAN
-121.79,37.31,22.0,2199.0,361.0,1270.0,386.0,5.1149,235700.0,<1H OCEAN
-119.84,36.54,19.0,1310.0,241.0,702.0,217.0,2.4375,78200.0,INLAND
-121.36,38.02,5.0,2229.0,543.0,1010.0,474.0,4.1719,206100.0,INLAND
-121.94,37.3,26.0,4348.0,814.0,2347.0,810.0,4.7275,293000.0,<1H OCEAN
-118.18,33.9,25.0,1709.0,442.0,1177.0,410.0,2.4333,155000.0,<1H OCEAN
-121.74,38.15,22.0,1910.0,326.0,1001.0,345.0,4.8173,115800.0,INLAND
-120.5,37.34,16.0,1245.0,231.0,956.0,219.0,3.4559,108000.0,INLAND
-121.2,37.97,39.0,440.0,83.0,270.0,97.0,6.0582,157700.0,INLAND
-119.45,37.21,17.0,3538.0,726.0,1603.0,629.0,2.9449,95600.0,INLAND
-122.38,37.71,47.0,1088.0,190.0,558.0,166.0,4.2708,207100.0,NEAR BAY
-121.49,38.5,30.0,1715.0,271.0,842.0,263.0,3.0313,87900.0,INLAND
-117.49,34.02,21.0,3736.0,738.0,2021.0,640.0,4.4545,142400.0,INLAND
-118.3,33.97,50.0,2270.0,451.0,1000.0,412.0,2.1221,119400.0,<1H OCEAN
-121.84,37.4,25.0,1866.0,271.0,840.0,275.0,6.8677,288500.0,<1H OCEAN
-118.9,34.26,5.0,25187.0,3521.0,11956.0,3478.0,6.9712,321300.0,<1H OCEAN
-119.04,35.96,18.0,1187.0,308.0,1343.0,277.0,1.875,51700.0,INLAND
-118.04,33.83,19.0,4526.0,830.0,2318.0,748.0,4.6681,320700.0,<1H OCEAN
-117.05,32.63,31.0,4911.0,861.0,2334.0,843.0,4.1958,160100.0,NEAR OCEAN
-118.16,34.16,44.0,1284.0,278.0,925.0,261.0,1.7321,178400.0,<1H OCEAN
-118.61,34.38,2.0,5989.0,883.0,1787.0,613.0,6.6916,329500.0,INLAND
-118.39,34.18,42.0,1957.0,389.0,985.0,414.0,2.9327,240200.0,<1H OCEAN
-118.17,33.79,28.0,1219.0,408.0,1816.0,348.0,1.7589,118300.0,NEAR OCEAN
-118.15,33.97,32.0,927.0,250.0,970.0,248.0,2.1591,181500.0,<1H OCEAN
-119.35,36.21,26.0,2481.0,586.0,1445.0,498.0,1.6378,60300.0,INLAND
-121.49,38.49,26.0,4629.0,832.0,2902.0,816.0,2.735,74600.0,INLAND
-122.44,37.72,48.0,2675.0,585.0,1773.0,540.0,3.9565,268500.0,NEAR BAY
-117.95,34.09,18.0,1179.0,324.0,1296.0,331.0,2.851,140600.0,<1H OCEAN
-118.17,34.66,9.0,1561.0,253.0,731.0,233.0,5.7049,173200.0,INLAND
-122.3,38.29,40.0,1739.0,318.0,744.0,312.0,2.6518,156100.0,NEAR BAY
-119.83,36.79,35.0,1872.0,363.0,1054.0,369.0,3.3272,65600.0,INLAND
-118.35,33.99,48.0,2741.0,439.0,1115.0,459.0,5.0514,269100.0,<1H OCEAN
-122.62,38.96,16.0,1914.0,446.0,828.0,332.0,2.0577,69000.0,INLAND
-122.66,38.48,16.0,2724.0,593.0,1124.0,586.0,2.825,186200.0,<1H OCEAN
-117.94,33.77,33.0,2964.0,747.0,2235.0,718.0,3.2591,175900.0,<1H OCEAN
-118.34,34.19,43.0,1029.0,252.0,613.0,255.0,2.6827,219900.0,<1H OCEAN
-124.25,40.28,32.0,1430.0,419.0,434.0,187.0,1.9417,76100.0,NEAR OCEAN
-121.75,36.93,24.0,4026.0,881.0,2264.0,863.0,3.1327,218100.0,<1H OCEAN
-117.91,33.84,35.0,1244.0,324.0,1603.0,322.0,2.9583,175400.0,<1H OCEAN
-118.06,34.09,36.0,1239.0,238.0,717.0,237.0,3.244,258100.0,<1H OCEAN
-119.12,36.69,13.0,3963.0,812.0,1905.0,671.0,2.2278,90500.0,INLAND
-118.57,34.09,14.0,7970.0,1142.0,2926.0,1096.0,11.2866,500001.0,<1H OCEAN
-117.2,34.52,12.0,4476.0,761.0,2255.0,735.0,3.925,118500.0,INLAND
-121.43,38.48,12.0,4602.0,930.0,2299.0,860.0,3.0625,90500.0,INLAND
-122.49,38.32,30.0,1631.0,284.0,788.0,284.0,3.3098,195500.0,<1H OCEAN
-118.06,33.98,40.0,1410.0,255.0,932.0,273.0,4.2206,178000.0,<1H OCEAN
-116.52,33.82,21.0,10227.0,2315.0,3623.0,1734.0,2.5212,145200.0,INLAND
-117.93,33.63,10.0,2766.0,732.0,1332.0,646.0,4.6161,226300.0,<1H OCEAN
-117.21,33.02,26.0,3194.0,454.0,1032.0,406.0,10.156,500001.0,NEAR OCEAN
-117.03,33.13,15.0,7000.0,1185.0,3555.0,1118.0,4.7022,172800.0,<1H OCEAN
-119.64,34.43,34.0,3045.0,570.0,1002.0,488.0,5.623,500001.0,<1H OCEAN
-118.15,34.71,36.0,1338.0,250.0,709.0,250.0,3.5625,101400.0,INLAND
-117.23,32.87,15.0,2290.0,662.0,1034.0,594.0,3.0104,204200.0,NEAR OCEAN
-116.5,33.81,26.0,5032.0,1229.0,3086.0,1183.0,2.5399,94800.0,INLAND
-117.64,34.15,16.0,2896.0,404.0,1165.0,379.0,6.4559,392900.0,INLAND
-117.98,34.14,24.0,1596.0,388.0,1329.0,352.0,3.0417,148000.0,INLAND
-121.79,38.67,17.0,2875.0,810.0,1876.0,749.0,1.951,152500.0,INLAND
-121.97,37.36,36.0,765.0,134.0,306.0,136.0,4.575,247600.0,<1H OCEAN
-122.46,37.78,52.0,2632.0,542.0,1364.0,544.0,3.4605,441700.0,NEAR BAY
-119.78,36.75,35.0,2114.0,506.0,2050.0,474.0,1.2375,50000.0,INLAND
-117.96,33.98,25.0,1259.0,184.0,599.0,170.0,5.7407,302200.0,<1H OCEAN
-120.28,37.9,17.0,1047.0,212.0,530.0,196.0,2.1538,153300.0,INLAND
-117.99,33.87,17.0,2334.0,537.0,1662.0,535.0,3.0147,217000.0,<1H OCEAN
-122.46,37.69,35.0,1983.0,385.0,1577.0,414.0,4.0833,266700.0,NEAR OCEAN
-118.43,33.99,45.0,1899.0,461.0,1260.0,415.0,2.6667,320000.0,<1H OCEAN
-118.35,34.05,47.0,2815.0,679.0,1533.0,594.0,2.5806,234100.0,<1H OCEAN
-117.28,34.17,26.0,3728.0,888.0,1765.0,727.0,1.7456,86800.0,INLAND
-121.63,40.92,23.0,1922.0,411.0,872.0,350.0,2.2337,64500.0,INLAND
-118.25,33.91,35.0,1479.0,272.0,963.0,292.0,3.4917,109500.0,<1H OCEAN
-120.94,37.4,32.0,1175.0,208.0,774.0,222.0,3.0,109400.0,INLAND
-120.47,34.7,24.0,2387.0,385.0,1051.0,382.0,4.4595,152700.0,NEAR OCEAN
-117.11,32.72,25.0,1491.0,348.0,1183.0,316.0,1.9583,88600.0,NEAR OCEAN
-118.39,34.01,25.0,1101.0,285.0,543.0,294.0,2.3571,340600.0,<1H OCEAN
-118.1,34.65,33.0,873.0,177.0,425.0,142.0,2.67,187500.0,INLAND
-118.21,34.09,39.0,1561.0,445.0,1780.0,391.0,2.4632,144200.0,<1H OCEAN
-116.98,33.74,25.0,4952.0,1062.0,1589.0,1024.0,1.8446,85700.0,INLAND
-117.64,35.61,10.0,2656.0,506.0,1349.0,501.0,4.25,83200.0,INLAND
-119.73,36.8,24.0,1316.0,249.0,781.0,260.0,3.7578,69200.0,INLAND
-121.43,37.78,24.0,807.0,174.0,585.0,166.0,2.6181,163500.0,INLAND
-122.5,37.92,32.0,2639.0,415.0,1013.0,408.0,6.1632,349200.0,NEAR BAY
-119.74,36.65,19.0,2546.0,463.0,1257.0,418.0,2.9013,89500.0,INLAND
-122.14,38.16,4.0,3273.0,495.0,1497.0,454.0,5.3345,176100.0,NEAR BAY
-117.97,33.77,22.0,2244.0,575.0,1543.0,533.0,2.6618,179600.0,<1H OCEAN
-117.35,34.13,26.0,3920.0,570.0,1862.0,552.0,3.7286,132000.0,INLAND
-117.06,32.68,38.0,1481.0,317.0,1080.0,291.0,2.85,125800.0,NEAR OCEAN
-117.83,34.15,20.0,2421.0,306.0,1023.0,298.0,8.0683,451500.0,INLAND
-118.09,33.95,32.0,1083.0,206.0,737.0,218.0,3.5583,170800.0,<1H OCEAN
-118.11,34.12,48.0,2476.0,313.0,900.0,303.0,10.6767,500001.0,<1H OCEAN
-116.48,33.96,11.0,1381.0,300.0,644.0,248.0,2.3382,89400.0,INLAND
-121.67,37.99,22.0,1046.0,195.0,527.0,164.0,4.375,213500.0,INLAND
-122.07,37.59,13.0,2578.0,551.0,1680.0,528.0,4.825,222000.0,NEAR BAY
-118.19,33.77,21.0,2103.0,727.0,1064.0,603.0,1.6178,137500.0,NEAR OCEAN
-118.19,34.05,46.0,1051.0,302.0,1435.0,305.0,1.6667,133600.0,<1H OCEAN
-117.29,34.12,47.0,1648.0,432.0,1308.0,385.0,1.2069,68200.0,INLAND
-119.37,36.21,35.0,2228.0,476.0,1567.0,449.0,1.4455,54100.0,INLAND
-118.24,33.96,39.0,643.0,186.0,821.0,191.0,2.5729,97300.0,<1H OCEAN
-117.97,33.93,33.0,1700.0,369.0,981.0,362.0,4.5461,194000.0,<1H OCEAN
-118.27,34.0,40.0,2099.0,599.0,2311.0,529.0,1.852,101500.0,<1H OCEAN
-122.15,37.44,52.0,2063.0,320.0,774.0,309.0,7.2543,500001.0,NEAR BAY
-118.27,34.05,47.0,661.0,359.0,1406.0,307.0,1.3169,112500.0,<1H OCEAN
-118.46,34.16,16.0,4590.0,1200.0,2195.0,1139.0,3.8273,334900.0,<1H OCEAN
-120.4,34.86,11.0,1633.0,348.0,504.0,327.0,2.0508,275000.0,<1H OCEAN
-122.63,38.94,18.0,3844.0,969.0,1832.0,845.0,1.125,81800.0,INLAND
-117.85,33.85,17.0,4678.0,1065.0,2427.0,1020.0,4.2276,254100.0,<1H OCEAN
-122.54,37.91,48.0,2924.0,489.0,1159.0,505.0,5.6302,489000.0,NEAR BAY
-117.22,33.48,5.0,1585.0,247.0,510.0,181.0,6.9136,493300.0,<1H OCEAN
-118.35,33.92,24.0,2728.0,845.0,2023.0,773.0,2.75,239700.0,<1H OCEAN
-119.68,36.81,16.0,2668.0,454.0,1536.0,457.0,3.9792,88900.0,INLAND
-122.42,37.78,19.0,4065.0,1645.0,2079.0,1470.0,3.1462,187500.0,NEAR BAY
-122.38,40.67,10.0,2281.0,444.0,1274.0,438.0,2.212,65600.0,INLAND
-123.73,40.48,25.0,2015.0,524.0,746.0,251.0,1.7153,77100.0,INLAND
-117.87,34.1,25.0,2208.0,477.0,1084.0,424.0,3.775,191700.0,<1H OCEAN
-119.79,36.83,15.0,3356.0,694.0,1232.0,627.0,2.2215,72200.0,INLAND
-124.15,40.88,33.0,2235.0,506.0,1165.0,441.0,1.725,57500.0,NEAR OCEAN
-118.93,34.18,18.0,2730.0,415.0,1248.0,412.0,6.187,287900.0,<1H OCEAN
-116.74,33.62,11.0,2385.0,661.0,682.0,242.0,2.9141,214300.0,INLAND
-117.76,34.13,8.0,16759.0,2274.0,7249.0,2156.0,7.4837,358700.0,INLAND
-117.17,32.82,24.0,1569.0,377.0,715.0,321.0,3.1146,187500.0,NEAR OCEAN
-118.27,34.08,38.0,2265.0,801.0,2899.0,792.0,2.5521,157500.0,<1H OCEAN
-118.52,34.28,33.0,1975.0,271.0,801.0,287.0,7.8193,379600.0,<1H OCEAN
-118.35,33.92,29.0,736.0,232.0,584.0,231.0,3.6167,200000.0,<1H OCEAN
-118.44,33.79,27.0,2141.0,260.0,635.0,240.0,11.6648,500001.0,NEAR OCEAN
-117.9,33.85,35.0,1756.0,328.0,1026.0,332.0,3.6,193500.0,<1H OCEAN
-120.31,36.65,24.0,943.0,209.0,514.0,156.0,2.25,76600.0,INLAND
-121.32,38.41,17.0,4401.0,655.0,1970.0,639.0,5.8239,247500.0,INLAND
-119.07,35.42,19.0,3889.0,832.0,1872.0,731.0,2.6812,107600.0,INLAND
-121.4,38.49,12.0,7290.0,1283.0,3960.0,1248.0,3.5968,106300.0,INLAND
-118.22,34.13,47.0,1585.0,420.0,949.0,366.0,2.7098,173800.0,<1H OCEAN
-118.67,34.28,21.0,4059.0,598.0,2133.0,634.0,5.6949,235300.0,<1H OCEAN
-122.25,37.85,52.0,1274.0,235.0,558.0,219.0,5.6431,341300.0,NEAR BAY
-120.1,38.91,33.0,1561.0,282.0,30.0,11.0,1.875,500001.0,INLAND
-117.28,34.06,2.0,1658.0,290.0,868.0,304.0,5.1365,136700.0,INLAND
-121.38,38.67,38.0,1001.0,228.0,597.0,226.0,2.2788,73400.0,INLAND
-118.06,33.86,16.0,5603.0,938.0,3045.0,893.0,5.0778,293700.0,<1H OCEAN
-118.23,34.13,37.0,1799.0,426.0,1088.0,417.0,2.975,244500.0,<1H OCEAN
-120.15,39.17,32.0,1684.0,359.0,454.0,209.0,2.9125,145800.0,INLAND
-119.77,36.85,8.0,1519.0,234.0,711.0,248.0,5.9897,123600.0,INLAND
-117.07,32.78,22.0,922.0,240.0,1524.0,235.0,1.6815,218800.0,NEAR OCEAN
-116.12,33.53,17.0,2421.0,820.0,2971.0,685.0,1.654,100000.0,INLAND
-121.99,37.77,14.0,8213.0,1364.0,3283.0,1286.0,5.1755,294800.0,<1H OCEAN
-121.96,37.27,22.0,6114.0,1211.0,2983.0,1163.0,5.2533,269100.0,<1H OCEAN
-117.78,34.13,18.0,7798.0,1161.0,3710.0,1227.0,5.8819,260500.0,INLAND
-121.01,37.72,23.0,1373.0,264.0,677.0,245.0,2.5486,161100.0,INLAND
-117.12,32.7,36.0,1011.0,253.0,763.0,226.0,1.8187,84100.0,NEAR OCEAN
-122.16,37.71,36.0,666.0,132.0,366.0,134.0,3.4643,175000.0,NEAR BAY
-118.4,34.17,24.0,6347.0,,2945.0,1492.0,3.3545,221500.0,<1H OCEAN
-118.48,34.04,49.0,3780.0,741.0,1435.0,690.0,4.3158,500001.0,<1H OCEAN
-117.06,32.59,13.0,3920.0,775.0,2814.0,760.0,4.0616,148800.0,NEAR OCEAN
-118.38,33.95,29.0,1821.0,588.0,1397.0,523.0,2.5833,187500.0,<1H OCEAN
-121.18,39.19,16.0,1528.0,351.0,729.0,319.0,2.4688,138800.0,INLAND
-117.84,33.77,14.0,4412.0,952.0,1656.0,874.0,4.3292,206500.0,<1H OCEAN
-121.69,39.36,29.0,2220.0,471.0,1170.0,428.0,2.3224,56200.0,INLAND
-122.03,37.3,30.0,3007.0,554.0,1551.0,616.0,5.8521,326300.0,<1H OCEAN
-121.76,41.5,31.0,602.0,153.0,112.0,47.0,1.0667,34200.0,INLAND
-118.41,34.06,43.0,2665.0,556.0,1015.0,506.0,4.1411,500001.0,<1H OCEAN
-120.53,39.79,18.0,1234.0,266.0,543.0,201.0,2.5156,71900.0,INLAND
-117.23,34.14,16.0,2577.0,521.0,956.0,472.0,2.5625,129400.0,INLAND
-121.89,37.34,46.0,1197.0,416.0,898.0,370.0,2.1714,190600.0,<1H OCEAN
-117.8,33.69,14.0,1800.0,362.0,874.0,373.0,4.2083,251000.0,<1H OCEAN
-122.48,37.51,22.0,1564.0,278.0,761.0,270.0,4.7578,318500.0,NEAR OCEAN
-117.66,33.51,18.0,2626.0,,1302.0,522.0,4.0167,189600.0,<1H OCEAN
-117.9,34.07,35.0,1646.0,294.0,1056.0,280.0,3.055,172000.0,<1H OCEAN
-116.9,32.77,8.0,3600.0,492.0,1421.0,482.0,6.2609,307100.0,<1H OCEAN
-121.86,37.32,13.0,2519.0,581.0,2094.0,530.0,4.3621,173400.0,<1H OCEAN
-122.36,40.48,21.0,2333.0,514.0,1308.0,509.0,2.0899,74800.0,INLAND
-122.41,37.8,52.0,3260.0,1535.0,3260.0,1457.0,0.9,500001.0,NEAR BAY
-117.05,32.57,13.0,2880.0,576.0,2450.0,567.0,3.1696,138000.0,NEAR OCEAN
-121.12,37.48,5.0,4109.0,820.0,3062.0,713.0,3.2396,125200.0,INLAND
-118.48,34.16,32.0,2108.0,309.0,769.0,274.0,8.7172,500001.0,<1H OCEAN
-122.0,38.73,31.0,371.0,74.0,208.0,84.0,3.875,137500.0,INLAND
-121.32,38.26,4.0,6125.0,1063.0,3077.0,953.0,4.1179,134600.0,INLAND
-117.3,34.17,30.0,2483.0,573.0,1172.0,438.0,1.875,89700.0,INLAND
-118.22,34.19,31.0,4704.0,920.0,1895.0,886.0,4.9297,400000.0,<1H OCEAN
-117.02,32.75,33.0,3296.0,537.0,1345.0,556.0,5.2835,217100.0,<1H OCEAN
-120.15,39.15,25.0,1669.0,348.0,163.0,78.0,5.75,176600.0,INLAND
-117.94,34.03,35.0,1499.0,289.0,1112.0,268.0,3.83,149000.0,<1H OCEAN
-122.15,37.69,36.0,1545.0,273.0,863.0,267.0,4.0109,192900.0,NEAR BAY
-121.87,39.74,7.0,1737.0,290.0,747.0,265.0,3.9,147000.0,INLAND
-122.5,38.35,25.0,1566.0,352.0,784.0,362.0,3.075,165100.0,<1H OCEAN
-122.3,37.88,45.0,453.0,146.0,749.0,137.0,1.475,187500.0,NEAR BAY
-117.43,33.95,36.0,2284.0,444.0,1425.0,405.0,4.0526,104500.0,INLAND
-122.01,38.25,16.0,1081.0,181.0,792.0,184.0,4.6779,131300.0,INLAND
-121.98,37.28,27.0,3526.0,589.0,1725.0,553.0,5.7812,275000.0,<1H OCEAN
-117.99,33.8,18.0,383.0,94.0,487.0,98.0,3.975,162500.0,<1H OCEAN
-118.35,34.02,34.0,5218.0,1576.0,3538.0,1371.0,1.5143,118800.0,<1H OCEAN
-117.93,34.08,36.0,1371.0,246.0,806.0,241.0,4.5078,187100.0,<1H OCEAN
-124.11,40.95,19.0,1734.0,365.0,866.0,342.0,2.96,81700.0,NEAR OCEAN
-121.65,36.7,29.0,4964.0,1056.0,2773.0,1036.0,3.0827,148100.0,<1H OCEAN
-117.94,33.76,33.0,1441.0,337.0,1233.0,331.0,3.7232,176200.0,<1H OCEAN
-118.43,33.96,16.0,14891.0,3984.0,6270.0,3595.0,5.1064,283200.0,<1H OCEAN
-117.24,33.04,13.0,3498.0,663.0,1412.0,618.0,3.212,147600.0,NEAR OCEAN
-118.19,34.06,44.0,1734.0,364.0,1133.0,351.0,2.5132,163100.0,<1H OCEAN
-122.42,37.76,37.0,1291.0,588.0,1846.0,557.0,1.3365,225000.0,NEAR BAY
-118.6,34.23,19.0,8866.0,2355.0,5005.0,2194.0,3.2564,230300.0,<1H OCEAN
-119.84,36.79,21.0,3235.0,648.0,1820.0,614.0,3.3447,71400.0,INLAND
-117.96,34.53,10.0,2907.0,559.0,1681.0,531.0,3.8594,141000.0,INLAND
-118.02,34.57,4.0,10655.0,1706.0,5391.0,1529.0,5.083,151300.0,INLAND
-118.27,34.06,30.0,1771.0,788.0,2188.0,764.0,1.5885,154200.0,<1H OCEAN
-118.22,33.91,28.0,1847.0,500.0,2263.0,473.0,1.5161,103200.0,<1H OCEAN
-117.31,34.25,29.0,4610.0,,1569.0,592.0,2.7663,97900.0,INLAND
-118.24,34.23,43.0,1061.0,208.0,514.0,208.0,6.01,254200.0,<1H OCEAN
-117.94,33.73,24.0,4197.0,718.0,2468.0,714.0,5.2563,211400.0,<1H OCEAN
-121.3,38.67,15.0,4018.0,850.0,2070.0,814.0,3.0733,119800.0,INLAND
-121.19,38.66,26.0,1937.0,286.0,769.0,274.0,6.1185,179200.0,INLAND
-116.48,33.61,8.0,1294.0,272.0,457.0,199.0,2.9167,115300.0,INLAND
-121.11,37.47,12.0,2263.0,410.0,913.0,330.0,3.5795,145600.0,INLAND
-121.87,37.39,9.0,2522.0,547.0,1591.0,481.0,4.9091,259700.0,<1H OCEAN
-120.69,35.52,26.0,2758.0,571.0,1291.0,522.0,2.925,181400.0,<1H OCEAN
-118.38,34.11,38.0,2601.0,523.0,870.0,474.0,7.1134,416700.0,<1H OCEAN
-118.22,33.86,16.0,8732.0,1489.0,3944.0,1493.0,5.1948,203500.0,<1H OCEAN
-118.41,33.98,33.0,3331.0,777.0,1695.0,735.0,3.9727,307200.0,<1H OCEAN
-121.42,38.6,35.0,1166.0,193.0,574.0,190.0,2.2452,102800.0,INLAND
-116.88,33.93,37.0,1495.0,429.0,865.0,342.0,1.2188,55000.0,INLAND
-118.26,34.07,28.0,579.0,184.0,673.0,202.0,2.625,187500.0,<1H OCEAN
-121.43,38.56,50.0,1533.0,288.0,532.0,257.0,2.5417,125900.0,INLAND
-118.26,33.78,21.0,2188.0,706.0,2265.0,652.0,1.9923,164700.0,NEAR OCEAN
-118.09,33.83,36.0,2734.0,448.0,1308.0,441.0,5.9265,227300.0,<1H OCEAN
-117.75,34.08,33.0,1067.0,194.0,600.0,201.0,4.0368,139100.0,INLAND
-120.38,39.82,10.0,1262.0,258.0,510.0,209.0,2.1667,92800.0,INLAND
-118.5,33.99,22.0,3484.0,975.0,1268.0,952.0,3.2609,500001.0,<1H OCEAN
-118.39,33.81,35.0,1008.0,165.0,391.0,167.0,3.7778,487500.0,NEAR OCEAN
-117.72,33.63,15.0,1362.0,255.0,378.0,202.0,1.9,162500.0,<1H OCEAN
-118.16,34.13,36.0,4003.0,647.0,1337.0,631.0,7.723,500001.0,<1H OCEAN
-122.42,37.72,42.0,4219.0,1125.0,3549.0,993.0,1.2387,212800.0,NEAR BAY
-118.69,34.18,11.0,1177.0,138.0,415.0,119.0,10.0472,500001.0,<1H OCEAN
-121.87,37.99,15.0,2203.0,312.0,1051.0,311.0,4.9783,163900.0,INLAND
-122.28,37.82,52.0,1170.0,235.0,701.0,233.0,1.6098,87500.0,NEAR BAY
-116.97,32.78,37.0,1255.0,238.0,671.0,278.0,3.7019,138600.0,<1H OCEAN
-118.09,33.71,19.0,1397.0,271.0,491.0,197.0,8.7397,500001.0,NEAR OCEAN
-117.98,33.81,35.0,897.0,156.0,479.0,161.0,5.152,215600.0,<1H OCEAN
-117.05,32.95,17.0,3039.0,555.0,1297.0,552.0,3.9531,178600.0,<1H OCEAN
-116.94,34.4,20.0,6541.0,1401.0,2631.0,980.0,2.1339,78500.0,INLAND
-122.65,41.72,15.0,3643.0,801.0,1784.0,743.0,1.8533,57500.0,INLAND
-117.13,32.73,52.0,1148.0,214.0,481.0,215.0,5.454,240900.0,NEAR OCEAN
-118.39,34.22,35.0,1790.0,334.0,1277.0,345.0,5.0818,186800.0,<1H OCEAN
-118.26,34.24,35.0,1535.0,283.0,816.0,287.0,6.1873,312100.0,<1H OCEAN
-115.57,32.78,25.0,2007.0,301.0,1135.0,332.0,5.128,99600.0,INLAND
-122.17,37.78,49.0,893.0,177.0,468.0,181.0,3.875,140600.0,NEAR BAY
-117.13,34.07,34.0,2405.0,541.0,1342.0,514.0,2.8031,86900.0,INLAND
-118.47,33.99,37.0,2155.0,721.0,1082.0,637.0,3.4071,267500.0,<1H OCEAN
-118.45,34.26,35.0,1637.0,300.0,894.0,302.0,4.175,209600.0,<1H OCEAN
-119.71,34.42,23.0,2068.0,658.0,1898.0,570.0,2.5506,230800.0,<1H OCEAN
-118.24,33.9,39.0,642.0,129.0,475.0,123.0,1.2083,92600.0,<1H OCEAN
-118.97,36.06,26.0,1289.0,262.0,1100.0,244.0,1.975,51400.0,INLAND
-118.99,35.39,36.0,1438.0,348.0,1054.0,341.0,1.8319,55400.0,INLAND
-121.92,37.34,35.0,357.0,120.0,377.0,99.0,3.0139,204200.0,<1H OCEAN
-117.4,34.15,4.0,12156.0,1864.0,5020.0,1524.0,4.7909,149200.0,INLAND
-116.76,34.14,4.0,42.0,10.0,9.0,3.0,0.536,42500.0,INLAND
-121.22,38.78,8.0,3418.0,514.0,1312.0,409.0,6.3914,218000.0,INLAND
-120.42,38.42,18.0,2912.0,663.0,999.0,411.0,2.7344,91900.0,INLAND
-119.27,35.51,28.0,1089.0,179.0,544.0,190.0,3.2279,95800.0,INLAND
-118.25,33.78,32.0,296.0,139.0,511.0,133.0,1.4444,182100.0,NEAR OCEAN
-120.06,36.94,19.0,901.0,183.0,700.0,190.0,2.2375,64300.0,INLAND
-118.43,34.29,50.0,1181.0,265.0,1196.0,269.0,3.2095,167000.0,<1H OCEAN
-116.91,32.8,32.0,1943.0,287.0,1081.0,292.0,5.6846,208800.0,<1H OCEAN
-118.33,33.92,23.0,969.0,288.0,670.0,251.0,3.267,185400.0,<1H OCEAN
-118.46,34.25,33.0,2202.0,433.0,1135.0,407.0,4.2143,224200.0,<1H OCEAN
-122.74,38.45,25.0,2696.0,496.0,1296.0,514.0,4.0798,179200.0,<1H OCEAN
-119.2,34.27,8.0,4942.0,1173.0,3012.0,1033.0,3.445,203400.0,NEAR OCEAN
-121.82,38.01,25.0,3018.0,606.0,1614.0,568.0,3.4722,127000.0,INLAND
-122.28,37.85,49.0,1130.0,244.0,607.0,239.0,2.4597,93800.0,NEAR BAY
-119.82,36.81,25.0,3305.0,551.0,1149.0,500.0,5.0698,150900.0,INLAND
-117.95,33.86,35.0,2478.0,431.0,1333.0,427.0,5.2099,191400.0,<1H OCEAN
-117.93,33.76,17.0,3341.0,803.0,3381.0,825.0,3.371,161800.0,<1H OCEAN
-118.59,35.72,28.0,1491.0,408.0,98.0,48.0,1.4205,90000.0,INLAND
